run_id,original_record_id,error_category,pipeline_stage,error_details,timestamp,order_id,order_date,region,product,quantity,revenue
85a2ab72,13,DATA_QUALITY_ISSUE,VALIDATION,Missing region,2026-02-02 00:42:40.582402,ORD000014,2025-04-07 23:59:45.645053,,Cola 500ml,39,14490.45
85a2ab72,14,BUSINESS_RULE_VIOLATION,VALIDATION,Negative revenue: -291.54; Invalid quantity: -2,2026-02-02 00:42:40.582578,ORD000015,2025-09-15 23:59:45.645053,East,Mango Juice 1L,-2,-291.54
85a2ab72,21,DATA_FORMAT_ERROR,VALIDATION,Missing order date,2026-02-02 00:42:40.582677,ORD000022,,South,Mango Juice 1L,9,3983.58
85a2ab72,47,DATA_FORMAT_ERROR,VALIDATION,Missing order date,2026-02-02 00:42:40.582746,ORD000048,,Central,Cheese Spread 100g,34,16468.58
85a2ab72,50,BUSINESS_RULE_VIOLATION,VALIDATION,Negative revenue: -16309.3,2026-02-02 00:42:40.582816,ORD000051,2025-08-07 23:59:45.645053,East,Yogurt 500g,35,-16309.3
85a2ab72,58,DATA_FORMAT_ERROR,VALIDATION,Missing order date,2026-02-02 00:42:40.582870,ORD000059,,West,Tomato Ketchup 500g,50,7548.999999999999
85a2ab72,67,DATA_FORMAT_ERROR,VALIDATION,Invalid date format,2026-02-02 00:42:40.582925,ORD000068,invalid_date,East,Yogurt 500g,22,8802.64
85a2ab72,69,DATA_FORMAT_ERROR,VALIDATION,Invalid date format,2026-02-02 00:42:40.582979,ORD000070,invalid_date,North,Chicken Biryani Ready Meal,40,12747.2
85a2ab72,70,DATA_QUALITY_ISSUE,VALIDATION,Missing region,2026-02-02 00:42:40.583031,ORD000071,2026-01-25 23:59:45.645053,,Potato Chips 50g,18,3904.74
85a2ab72,72,DATA_QUALITY_ISSUE,VALIDATION,Missing region,2026-02-02 00:42:40.583083,ORD000073,2025-05-05 23:59:45.645053,,Tomato Ketchup 500g,44,21135.4
85a2ab72,86,DATA_QUALITY_ISSUE,VALIDATION,Missing region,2026-02-02 00:42:40.583136,ORD000087,2025-10-07 23:59:45.645053,,Tomato Ketchup 500g,49,22470.91
85a2ab72,96,DATA_QUALITY_ISSUE,VALIDATION,Missing region,2026-02-02 00:42:40.583207,ORD000097,2025-06-06 23:59:45.645053,,Potato Chips 50g,17,5657.09
85a2ab72,103,DATA_FORMAT_ERROR,VALIDATION,Missing order date,2026-02-02 00:42:40.583261,ORD000104,,Central,Biscuits 200g,28,2074.8
85a2ab72,107,DATA_FORMAT_ERROR,VALIDATION,Invalid date format,2026-02-02 00:42:40.583313,ORD000108,invalid_date,Central,Chili Sauce 250g,26,9762.22
85a2ab72,124,DATA_QUALITY_ISSUE,VALIDATION,Missing region,2026-02-02 00:42:40.583365,ORD000125,2025-02-06 23:59:45.645053,,Milk 1L,6,1442.22
85a2ab72,143,DATA_FORMAT_ERROR,VALIDATION,Missing order date,2026-02-02 00:42:40.583414,ORD000144,,West,Paneer Curry Ready Meal,19,1489.79
85a2ab72,152,DATA_FORMAT_ERROR,VALIDATION,Invalid date format,2026-02-02 00:42:40.583464,ORD000153,invalid_date,Central,Soy Sauce 200ml,39,6209.969999999999
85a2ab72,156,DATA_FORMAT_ERROR,VALIDATION,Invalid date format,2026-02-02 00:42:40.583526,ORD000157,invalid_date,West,Water Bottle 1L,25,10871.0
85a2ab72,159,DATA_FORMAT_ERROR,VALIDATION,Invalid date format,2026-02-02 00:42:40.583579,ORD000160,invalid_date,West,Yogurt 500g,8,3474.96
85a2ab72,165,DATA_FORMAT_ERROR,VALIDATION,Missing order date,2026-02-02 00:42:40.583626,ORD000166,,North,Yogurt 500g,13,5410.860000000001
85a2ab72,168,DATA_FORMAT_ERROR,VALIDATION,Invalid date format,2026-02-02 00:42:40.583676,ORD000169,invalid_date,East,Yogurt 500g,10,3949.8
85a2ab72,171,BUSINESS_RULE_VIOLATION,VALIDATION,Negative revenue: -811.96; Invalid quantity: -4,2026-02-02 00:42:40.583728,ORD000022,2025-02-28 23:59:45.645053,Central,Chicken Biryani Ready Meal,-4,-811.96
85a2ab72,176,BUSINESS_RULE_VIOLATION,VALIDATION,Negative revenue: -2462.88; Invalid quantity: -7,2026-02-02 00:42:40.583837,ORD000177,2025-05-14 23:59:45.645053,East,Paneer 200g,-7,-2462.88
85a2ab72,208,DATA_FORMAT_ERROR,VALIDATION,Invalid date format,2026-02-02 00:42:40.583963,ORD000209,invalid_date,North,Chicken Biryani Ready Meal,15,5664.599999999999
85a2ab72,221,DATA_FORMAT_ERROR,VALIDATION,Missing order date,2026-02-02 00:42:40.584068,ORD000222,,West,Biscuits 200g,29,1900.08
85a2ab72,226,DATA_FORMAT_ERROR,VALIDATION,Missing order date,2026-02-02 00:42:40.584160,ORD000227,,Central,Soy Sauce 200ml,23,10692.01
85a2ab72,243,DATA_FORMAT_ERROR,VALIDATION,Invalid date format,2026-02-02 00:42:40.584277,ORD000244,invalid_date,Central,Dal Tadka Ready Meal,13,5239.91
85a2ab72,245,BUSINESS_RULE_VIOLATION,VALIDATION,Negative revenue: -954.99; Invalid quantity: -9,2026-02-02 00:42:40.584394,ORD000246,2025-11-06 23:59:45.645053,East,Paneer 200g,-9,-954.99
85a2ab72,253,DATA_FORMAT_ERROR,VALIDATION,Missing order date,2026-02-02 00:42:40.584519,ORD000254,,Central,Cheese Spread 100g,50,14969.5
85a2ab72,257,DATA_FORMAT_ERROR,VALIDATION,Missing order date,2026-02-02 00:42:40.584636,ORD000258,,North,Dal Tadka Ready Meal,15,6771.9
85a2ab72,274,BUSINESS_RULE_VIOLATION,VALIDATION,Negative revenue: -4055.04,2026-02-02 00:42:40.584742,ORD000275,2025-08-18 23:59:45.645053,West,Cola 500ml,36,-4055.04
85a2ab72,283,DATA_FORMAT_ERROR,VALIDATION,Invalid date format,2026-02-02 00:42:40.584816,ORD000284,invalid_date,Central,Chicken Biryani Ready Meal,27,6074.7300000000005
85a2ab72,297,DATA_QUALITY_ISSUE,VALIDATION,Missing region,2026-02-02 00:42:40.584887,ORD000298,2025-05-31 23:59:45.645053,,Paneer 200g,16,5032.32
85a2ab72,304,DATA_FORMAT_ERROR,VALIDATION,Invalid date format,2026-02-02 00:42:40.584955,ORD000305,invalid_date,South,Soy Sauce 200ml,42,7532.28
85a2ab72,310,BUSINESS_RULE_VIOLATION,VALIDATION,Negative revenue: -950.24,2026-02-02 00:42:40.585039,ORD000311,2025-07-11 23:59:45.645053,West,Paneer Curry Ready Meal,2,-950.24
85a2ab72,314,BUSINESS_RULE_VIOLATION,VALIDATION,Negative revenue: -3486.21,2026-02-02 00:42:40.585107,ORD000315,2025-12-23 23:59:45.645053,North,Paneer Curry Ready Meal,39,-3486.21
85a2ab72,322,DATA_FORMAT_ERROR,VALIDATION,Missing order date,2026-02-02 00:42:40.585158,ORD000323,,North,Milk 1L,19,9003.53
85a2ab72,325,DATA_FORMAT_ERROR,VALIDATION,Missing order date,2026-02-02 00:42:40.585206,ORD000326,,North,Paneer 200g,35,15075.9
85a2ab72,344,DATA_FORMAT_ERROR,VALIDATION,Invalid date format,2026-02-02 00:42:40.585258,ORD000345,invalid_date,East,Paneer Curry Ready Meal,34,1097.52
85a2ab72,369,BUSINESS_RULE_VIOLATION,VALIDATION,Negative revenue: -6723.72,2026-02-02 00:42:40.585308,ORD000370,2025-04-19 23:59:45.645053,East,Chicken Biryani Ready Meal,18,-6723.72
85a2ab72,377,DATA_FORMAT_ERROR,VALIDATION,Invalid date format,2026-02-02 00:42:40.585359,ORD000378,invalid_date,South,Paneer 200g,49,7702.799999999999
85a2ab72,381,BUSINESS_RULE_VIOLATION,VALIDATION,Negative revenue: -569.12; Invalid quantity: -2,2026-02-02 00:42:40.585411,ORD000382,2025-08-19 23:59:45.645053,East,Tomato Ketchup 500g,-2,-569.12
85a2ab72,382,BUSINESS_RULE_VIOLATION,VALIDATION,Negative revenue: -923.78; Invalid quantity: -2,2026-02-02 00:42:40.585463,ORD000383,2025-05-23 23:59:45.645053,East,Tomato Ketchup 500g,-2,-923.78
85a2ab72,393,BUSINESS_RULE_VIOLATION,VALIDATION,Negative revenue: -1895.4; Invalid quantity: -9,2026-02-02 00:42:40.585524,ORD000394,2025-02-17 23:59:45.645053,South,Potato Chips 50g,-9,-1895.4
85a2ab72,397,BUSINESS_RULE_VIOLATION,VALIDATION,Negative revenue: -1737.63,2026-02-02 00:42:40.585579,ORD000398,2025-11-18 23:59:45.645053,North,Paneer Curry Ready Meal,43,-1737.63
85a2ab72,404,DATA_QUALITY_ISSUE,VALIDATION,Missing region,2026-02-02 00:42:40.585630,ORD000405,2025-02-08 23:59:45.645053,,Soy Sauce 200ml,49,23782.64
85a2ab72,407,BUSINESS_RULE_VIOLATION,VALIDATION,Negative revenue: -2683.5,2026-02-02 00:42:40.585680,ORD000408,2025-12-23 23:59:45.645053,East,Chili Sauce 250g,25,-2683.5
85a2ab72,431,DATA_FORMAT_ERROR,VALIDATION,Missing order date,2026-02-02 00:42:40.585728,ORD000432,,Central,Namkeen Mix 100g,4,1691.48
85a2ab72,454,DATA_FORMAT_ERROR,VALIDATION,Missing order date,2026-02-02 00:42:40.585775,ORD000455,,East,Namkeen Mix 100g,38,16362.8
85a2ab72,473,DATA_FORMAT_ERROR,VALIDATION,Missing order date,2026-02-02 00:42:40.585822,ORD000474,,West,Dal Tadka Ready Meal,1,122.74
85a2ab72,499,DATA_QUALITY_ISSUE,VALIDATION,Missing region,2026-02-02 00:42:40.585872,ORD000500,2025-02-06 23:59:45.645053,,Namkeen Mix 100g,15,2104.5
85a2ab72,506,DATA_FORMAT_ERROR,VALIDATION,Missing region; Invalid date format,2026-02-02 00:42:40.585918,ORD000507,invalid_date,,Biscuits 200g,46,10054.68
85a2ab72,535,DATA_FORMAT_ERROR,VALIDATION,Missing order date,2026-02-02 00:42:40.585965,ORD000536,,Central,Chicken Biryani Ready Meal,11,2824.36
85a2ab72,536,DATA_FORMAT_ERROR,VALIDATION,Missing order date,2026-02-02 00:42:40.586025,ORD000537,,South,Yogurt 500g,10,351.5
85a2ab72,538,DATA_FORMAT_ERROR,VALIDATION,Missing order date,2026-02-02 00:42:40.586079,ORD000539,,North,Mango Juice 1L,42,18381.3
85a2ab72,551,DATA_FORMAT_ERROR,VALIDATION,Missing order date,2026-02-02 00:42:40.586127,ORD000552,,Central,Chili Sauce 250g,36,12792.6
85a2ab72,553,DATA_FORMAT_ERROR,VALIDATION,Invalid date format,2026-02-02 00:42:40.586258,ORD000338,invalid_date,South,Cheese Spread 100g,17,4856.39
85a2ab72,563,DATA_QUALITY_ISSUE,VALIDATION,Missing region,2026-02-02 00:42:40.586543,ORD000564,2025-02-01 23:59:45.645053,,Yogurt 500g,47,17627.350000000002
85a2ab72,567,DATA_QUALITY_ISSUE,VALIDATION,Missing region,2026-02-02 00:42:40.586725,ORD000568,2025-04-28 23:59:45.645053,,Yogurt 500g,26,5225.48
85a2ab72,569,BUSINESS_RULE_VIOLATION,VALIDATION,Negative revenue: -16640.4,2026-02-02 00:42:40.586843,ORD000570,2025-03-02 23:59:45.645053,South,Biscuits 200g,40,-16640.4
85a2ab72,573,BUSINESS_RULE_VIOLATION,VALIDATION,Negative revenue: -5420.36,2026-02-02 00:42:40.586939,ORD000574,2025-03-12 23:59:45.645053,North,Chili Sauce 250g,44,-5420.36
85a2ab72,583,DATA_FORMAT_ERROR,VALIDATION,Missing order date,2026-02-02 00:42:40.587034,ORD000584,,West,Yogurt 500g,8,1852.08
85a2ab72,601,DATA_QUALITY_ISSUE,VALIDATION,Missing region,2026-02-02 00:42:40.587137,ORD000602,2025-06-12 23:59:45.645053,,Tomato Ketchup 500g,16,535.36
85a2ab72,614,DATA_QUALITY_ISSUE,VALIDATION,Missing region,2026-02-02 00:42:40.587228,ORD000615,2026-01-09 23:59:45.645053,,Paneer Curry Ready Meal,31,7103.96
85a2ab72,620,DATA_FORMAT_ERROR,VALIDATION,Invalid date format,2026-02-02 00:42:40.587331,ORD000621,invalid_date,Central,Soy Sauce 200ml,16,5644.0
85a2ab72,623,BUSINESS_RULE_VIOLATION,VALIDATION,Negative revenue: -695.88; Invalid quantity: -2,2026-02-02 00:42:40.587424,ORD000624,2025-06-30 23:59:45.645053,West,Yogurt 500g,-2,-695.88
85a2ab72,629,DATA_FORMAT_ERROR,VALIDATION,Missing order date,2026-02-02 00:42:40.587498,ORD000630,,South,Yogurt 500g,1,414.06
85a2ab72,632,DATA_FORMAT_ERROR,VALIDATION,Missing order date,2026-02-02 00:42:40.587550,ORD000633,,North,Milk 1L,26,3180.84
85a2ab72,644,DATA_FORMAT_ERROR,VALIDATION,Invalid date format,2026-02-02 00:42:40.587601,ORD000645,invalid_date,North,Paneer 200g,36,13315.32
85a2ab72,647,BUSINESS_RULE_VIOLATION,VALIDATION,Negative revenue: -586.74; Invalid quantity: -6,2026-02-02 00:42:40.587654,ORD000648,2025-03-03 23:59:45.645053,Central,Yogurt 500g,-6,-586.74
85a2ab72,660,DATA_FORMAT_ERROR,VALIDATION,Missing order date,2026-02-02 00:42:40.587703,ORD000661,,Central,Dal Tadka Ready Meal,16,3677.76
85a2ab72,665,DATA_FORMAT_ERROR,VALIDATION,Missing order date,2026-02-02 00:42:40.587752,ORD000666,,South,Tomato Ketchup 500g,6,615.66
85a2ab72,689,DATA_FORMAT_ERROR,VALIDATION,Invalid date format,2026-02-02 00:42:40.587802,ORD000690,invalid_date,North,Dal Tadka Ready Meal,41,10682.14
85a2ab72,690,DATA_QUALITY_ISSUE,VALIDATION,Missing region,2026-02-02 00:42:40.587859,ORD000691,2025-11-27 23:59:45.645053,,Milk 1L,37,17408.87
85a2ab72,716,DATA_FORMAT_ERROR,VALIDATION,Missing order date,2026-02-02 00:42:40.587907,ORD000717,,East,Namkeen Mix 100g,1,255.61
85a2ab72,717,DATA_FORMAT_ERROR,VALIDATION,Missing order date,2026-02-02 00:42:40.587954,ORD000718,,North,Chili Sauce 250g,13,3608.41
85a2ab72,753,DATA_FORMAT_ERROR,VALIDATION,Missing order date,2026-02-02 00:42:40.588000,ORD000754,,South,Soy Sauce 200ml,26,7927.92
85a2ab72,759,DATA_FORMAT_ERROR,VALIDATION,Invalid date format,2026-02-02 00:42:40.588051,ORD000760,invalid_date,Central,Chicken Biryani Ready Meal,23,9857.34
85a2ab72,762,DATA_FORMAT_ERROR,VALIDATION,Invalid date format,2026-02-02 00:42:40.588100,ORD000763,invalid_date,East,Mango Juice 1L,26,2091.44
85a2ab72,763,BUSINESS_RULE_VIOLATION,VALIDATION,Negative revenue: -1433.9; Invalid quantity: -5,2026-02-02 00:42:40.588152,ORD000764,2025-11-29 23:59:45.645053,East,Namkeen Mix 100g,-5,-1433.9
85a2ab72,769,BUSINESS_RULE_VIOLATION,VALIDATION,Negative revenue: -5275.0,2026-02-02 00:42:40.588203,ORD000770,2026-01-05 23:59:45.645053,West,Water Bottle 1L,20,-5275.0
85a2ab72,781,DATA_FORMAT_ERROR,VALIDATION,Missing order date,2026-02-02 00:42:40.588258,ORD000782,,West,Namkeen Mix 100g,7,2698.99
85a2ab72,797,DATA_FORMAT_ERROR,VALIDATION,Missing order date,2026-02-02 00:42:40.588312,ORD000798,,Central,Biscuits 200g,46,21975.120000000003
85a2ab72,801,BUSINESS_RULE_VIOLATION,VALIDATION,Negative revenue: -5479.52,2026-02-02 00:42:40.588364,ORD000802,2025-12-15 23:59:45.645053,South,Paneer Curry Ready Meal,16,-5479.52
85a2ab72,859,BUSINESS_RULE_VIOLATION,VALIDATION,Negative revenue: -2390.25,2026-02-02 00:42:40.588416,ORD000860,2025-12-01 23:59:45.645053,East,Milk 1L,15,-2390.25
85a2ab72,864,DATA_FORMAT_ERROR,VALIDATION,Invalid date format,2026-02-02 00:42:40.588467,ORD000865,invalid_date,Central,Chicken Biryani Ready Meal,24,11503.2
85a2ab72,865,DATA_QUALITY_ISSUE,VALIDATION,Missing region,2026-02-02 00:42:40.588520,ORD000866,2025-02-15 23:59:45.645053,,Chili Sauce 250g,30,13590.0
85a2ab72,867,DATA_FORMAT_ERROR,VALIDATION,Invalid date format,2026-02-02 00:42:40.588571,ORD000868,invalid_date,North,Cola 500ml,50,16519.5
85a2ab72,875,DATA_FORMAT_ERROR,VALIDATION,Invalid date format,2026-02-02 00:42:40.588628,ORD000876,invalid_date,South,Water Bottle 1L,20,5833.0
85a2ab72,918,BUSINESS_RULE_VIOLATION,VALIDATION,Negative revenue: -1626.06; Invalid quantity: -6,2026-02-02 00:42:40.588693,ORD000919,2025-12-28 23:59:45.645053,North,Biscuits 200g,-6,-1626.06
85a2ab72,928,BUSINESS_RULE_VIOLATION,VALIDATION,Negative revenue: -1232.24; Invalid quantity: -4,2026-02-02 00:42:40.588761,ORD000929,2025-05-16 23:59:45.645053,West,Milk 1L,-4,-1232.24
85a2ab72,954,DATA_FORMAT_ERROR,VALIDATION,Invalid date format,2026-02-02 00:42:40.588826,ORD000955,invalid_date,South,Namkeen Mix 100g,32,3914.56
85a2ab72,971,BUSINESS_RULE_VIOLATION,VALIDATION,Negative revenue: -141.12; Invalid quantity: -8,2026-02-02 00:42:40.588892,ORD000972,2025-12-19 23:59:45.645053,West,Cola 500ml,-8,-141.12
85a2ab72,996,DATA_QUALITY_ISSUE,VALIDATION,Missing region,2026-02-02 00:42:40.588959,ORD000997,2025-12-14 23:59:45.645053,,Potato Chips 50g,17,289.34
85a2ab72,1010,DATA_FORMAT_ERROR,VALIDATION,Invalid date format,2026-02-02 00:42:40.589024,ORD001011,invalid_date,West,Biscuits 200g,19,282.72
85a2ab72,1020,DATA_QUALITY_ISSUE,VALIDATION,Missing region,2026-02-02 00:42:40.589089,ORD001021,2025-09-29 23:59:45.645053,,Biscuits 200g,22,3935.14
85a2ab72,1036,DATA_FORMAT_ERROR,VALIDATION,Missing order date,2026-02-02 00:42:40.589151,ORD001037,,West,Tomato Ketchup 500g,41,5197.9800000000005
85a2ab72,1041,DATA_QUALITY_ISSUE,VALIDATION,Missing region,2026-02-02 00:42:40.589216,ORD001042,2025-03-08 23:59:45.645053,,Namkeen Mix 100g,13,6430.84
85a2ab72,1060,BUSINESS_RULE_VIOLATION,VALIDATION,Negative revenue: -2639.1,2026-02-02 00:42:40.589281,ORD001061,2025-07-09 23:59:45.645053,East,Namkeen Mix 100g,15,-2639.1
85a2ab72,1073,DATA_QUALITY_ISSUE,VALIDATION,Missing region,2026-02-02 00:42:40.589352,ORD001074,2025-09-01 23:59:45.645053,,Chicken Biryani Ready Meal,33,14984.31
85a2ab72,1093,DATA_FORMAT_ERROR,VALIDATION,Missing order date,2026-02-02 00:42:40.589448,ORD001094,,South,Chicken Biryani Ready Meal,43,17012.95
85a2ab72,1094,BUSINESS_RULE_VIOLATION,VALIDATION,Negative revenue: -2803.68,2026-02-02 00:42:40.589525,ORD001095,2025-02-10 23:59:45.645053,South,Biscuits 200g,9,-2803.68
85a2ab72,1107,DATA_FORMAT_ERROR,VALIDATION,Missing order date,2026-02-02 00:42:40.589588,ORD001108,,South,Mango Juice 1L,23,1703.38
85a2ab72,1112,DATA_QUALITY_ISSUE,VALIDATION,Missing region,2026-02-02 00:42:40.589652,ORD001113,2026-01-27 23:59:45.645053,,Milk 1L,36,3070.44
85a2ab72,1132,BUSINESS_RULE_VIOLATION,VALIDATION,Negative revenue: -13693.94,2026-02-02 00:42:40.589716,ORD001133,2025-07-03 23:59:45.645053,East,Milk 1L,31,-13693.94
85a2ab72,1145,BUSINESS_RULE_VIOLATION,VALIDATION,Negative revenue: -4383.11,2026-02-02 00:42:40.589780,ORD001146,2025-10-18 23:59:45.645053,North,Paneer Curry Ready Meal,19,-4383.11
85a2ab72,1155,DATA_FORMAT_ERROR,VALIDATION,Missing order date,2026-02-02 00:42:40.589853,ORD001156,,West,Tomato Ketchup 500g,21,10101.84
85a2ab72,1163,DATA_FORMAT_ERROR,VALIDATION,Missing order date,2026-02-02 00:42:40.589925,ORD001164,,East,Biscuits 200g,5,1849.55
85a2ab72,1165,DATA_FORMAT_ERROR,VALIDATION,Invalid date format,2026-02-02 00:42:40.589994,ORD000610,invalid_date,South,Water Bottle 1L,39,9638.07
85a2ab72,1175,BUSINESS_RULE_VIOLATION,VALIDATION,Negative revenue: -697.04; Invalid quantity: -8,2026-02-02 00:42:40.590064,ORD001176,2025-10-27 23:59:45.645053,East,Soy Sauce 200ml,-8,-697.04
85a2ab72,1178,DATA_FORMAT_ERROR,VALIDATION,Missing order date,2026-02-02 00:42:40.590127,ORD001179,,West,Tomato Ketchup 500g,4,1783.08
85a2ab72,1179,BUSINESS_RULE_VIOLATION,VALIDATION,Negative revenue: -2740.41; Invalid quantity: -9,2026-02-02 00:42:40.590193,ORD001180,2025-12-25 23:59:45.645053,South,Cola 500ml,-9,-2740.41
85a2ab72,1183,DATA_QUALITY_ISSUE,VALIDATION,Missing region,2026-02-02 00:42:40.590258,ORD001184,2025-08-05 23:59:45.645053,,Milk 1L,14,6393.94
85a2ab72,1201,DATA_FORMAT_ERROR,VALIDATION,Missing order date,2026-02-02 00:42:40.590318,ORD001202,,North,Soy Sauce 200ml,12,4743.6
85a2ab72,1202,BUSINESS_RULE_VIOLATION,VALIDATION,Negative revenue: -2430.1200000000003,2026-02-02 00:42:40.590464,ORD000456,2025-12-04 23:59:45.645053,Central,Chicken Biryani Ready Meal,28,-2430.1200000000003
85a2ab72,1204,DATA_QUALITY_ISSUE,VALIDATION,Missing region,2026-02-02 00:42:40.590641,ORD001205,2025-09-11 23:59:45.645053,,Potato Chips 50g,3,183.03
85a2ab72,1215,BUSINESS_RULE_VIOLATION,VALIDATION,Negative revenue: -829.71; Invalid quantity: -7,2026-02-02 00:42:40.590755,ORD001216,2025-10-04 23:59:45.645053,South,Cola 500ml,-7,-829.71
85a2ab72,1216,BUSINESS_RULE_VIOLATION,VALIDATION,Invalid date format; Negative revenue: -706.38,2026-02-02 00:42:40.590838,ORD001217,invalid_date,Central,Chicken Biryani Ready Meal,6,-706.38
85a2ab72,1243,DATA_FORMAT_ERROR,VALIDATION,Missing order date,2026-02-02 00:42:40.590950,ORD001244,,South,Chicken Biryani Ready Meal,17,7455.52
85a2ab72,1245,DATA_FORMAT_ERROR,VALIDATION,Missing order date,2026-02-02 00:42:40.591070,ORD001246,,North,Cola 500ml,24,9112.8
85a2ab72,1269,DATA_FORMAT_ERROR,VALIDATION,Missing order date,2026-02-02 00:42:40.591139,ORD001270,,East,Water Bottle 1L,49,10175.34
85a2ab72,1272,DATA_FORMAT_ERROR,VALIDATION,Missing order date,2026-02-02 00:42:40.591190,ORD001273,,South,Paneer Curry Ready Meal,41,20395.04
85a2ab72,1289,DATA_FORMAT_ERROR,VALIDATION,Missing order date,2026-02-02 00:42:40.591260,ORD001290,,South,Dal Tadka Ready Meal,15,6481.05
85a2ab72,1293,DATA_FORMAT_ERROR,VALIDATION,Invalid date format,2026-02-02 00:42:40.591363,ORD001294,invalid_date,East,Yogurt 500g,10,3733.6
85a2ab72,1295,DATA_FORMAT_ERROR,VALIDATION,Invalid date format,2026-02-02 00:42:40.591436,ORD001296,invalid_date,East,Yogurt 500g,9,281.25
85a2ab72,1313,DATA_FORMAT_ERROR,VALIDATION,Missing order date,2026-02-02 00:42:40.591515,ORD001314,,East,Soy Sauce 200ml,5,1517.8
85a2ab72,1316,DATA_QUALITY_ISSUE,VALIDATION,Missing region,2026-02-02 00:42:40.591620,ORD001317,2025-02-08 23:59:45.645053,,Soy Sauce 200ml,13,1453.53
85a2ab72,1345,DATA_FORMAT_ERROR,VALIDATION,Invalid date format,2026-02-02 00:42:40.591719,ORD001346,invalid_date,North,Potato Chips 50g,11,857.67
85a2ab72,1353,DATA_FORMAT_ERROR,VALIDATION,Invalid date format,2026-02-02 00:42:40.591793,ORD001354,invalid_date,West,Cheese Spread 100g,50,5080.0
85a2ab72,1354,DATA_FORMAT_ERROR,VALIDATION,Invalid date format,2026-02-02 00:42:40.591849,ORD001355,invalid_date,West,Paneer Curry Ready Meal,28,4844.56
85a2ab72,1355,DATA_FORMAT_ERROR,VALIDATION,Missing order date,2026-02-02 00:42:40.591898,ORD001356,,West,Mango Juice 1L,47,22080.6
85a2ab72,1368,DATA_QUALITY_ISSUE,VALIDATION,Missing region,2026-02-02 00:42:40.591949,ORD001369,2025-11-29 23:59:45.645053,,Chicken Biryani Ready Meal,14,3143.56
85a2ab72,1371,DATA_FORMAT_ERROR,VALIDATION,Missing order date,2026-02-02 00:42:40.591997,ORD001372,,East,Water Bottle 1L,9,1862.46
85a2ab72,1375,DATA_QUALITY_ISSUE,VALIDATION,Missing region,2026-02-02 00:42:40.592047,ORD001376,2025-02-02 23:59:45.645053,,Soy Sauce 200ml,39,2224.56
85a2ab72,1376,DATA_FORMAT_ERROR,VALIDATION,Missing order date,2026-02-02 00:42:40.592095,ORD001377,,South,Soy Sauce 200ml,11,5058.35
85a2ab72,1397,DATA_FORMAT_ERROR,VALIDATION,Missing order date,2026-02-02 00:42:40.592154,ORD001398,,Central,Chili Sauce 250g,8,3624.88
85a2ab72,1413,BUSINESS_RULE_VIOLATION,VALIDATION,Negative revenue: -763.0500000000001; Invalid quantity: -5,2026-02-02 00:42:40.592209,ORD001414,2025-02-28 23:59:45.645053,East,Soy Sauce 200ml,-5,-763.0500000000001
85a2ab72,1434,DATA_FORMAT_ERROR,VALIDATION,Invalid date format,2026-02-02 00:42:40.592286,ORD001435,invalid_date,South,Namkeen Mix 100g,14,2751.28
85a2ab72,1451,BUSINESS_RULE_VIOLATION,VALIDATION,Negative revenue: -4840.2; Invalid quantity: -10,2026-02-02 00:42:40.592364,ORD001452,2025-12-11 23:59:45.645053,South,Yogurt 500g,-10,-4840.2
85a2ab72,1465,DATA_FORMAT_ERROR,VALIDATION,Missing order date,2026-02-02 00:42:40.592435,ORD001466,,West,Paneer 200g,34,15210.24
85a2ab72,1480,BUSINESS_RULE_VIOLATION,VALIDATION,Negative revenue: -1326.8200000000002,2026-02-02 00:42:40.592510,ORD001481,2025-03-12 23:59:45.645053,South,Tomato Ketchup 500g,22,-1326.8200000000002
85a2ab72,1503,DATA_FORMAT_ERROR,VALIDATION,Missing order date,2026-02-02 00:42:40.592580,ORD001504,,Central,Water Bottle 1L,34,5133.66
85a2ab72,1506,DATA_FORMAT_ERROR,VALIDATION,Invalid date format,2026-02-02 00:42:40.592654,ORD001507,invalid_date,South,Cola 500ml,45,19654.2
85a2ab72,1507,DATA_FORMAT_ERROR,VALIDATION,Invalid date format,2026-02-02 00:42:40.592727,ORD001508,invalid_date,North,Potato Chips 50g,5,397.55
85a2ab72,1512,DATA_FORMAT_ERROR,VALIDATION,Missing order date,2026-02-02 00:42:40.592797,ORD001513,,South,Biscuits 200g,1,136.48
85a2ab72,1534,DATA_FORMAT_ERROR,VALIDATION,Missing order date,2026-02-02 00:42:40.592868,ORD001535,,West,Paneer Curry Ready Meal,28,8452.64
85a2ab72,1572,DATA_FORMAT_ERROR,VALIDATION,Invalid date format,2026-02-02 00:42:40.592945,ORD001573,invalid_date,East,Cola 500ml,46,10020.18
85a2ab72,1579,DATA_FORMAT_ERROR,VALIDATION,Missing order date,2026-02-02 00:42:40.593016,ORD001580,,East,Paneer Curry Ready Meal,11,2560.69
85a2ab72,1586,DATA_QUALITY_ISSUE,VALIDATION,Missing region,2026-02-02 00:42:40.593090,ORD001587,2025-04-30 23:59:45.645053,,Biscuits 200g,44,10312.28
85a2ab72,1600,DATA_FORMAT_ERROR,VALIDATION,Invalid date format,2026-02-02 00:42:40.593213,ORD001601,invalid_date,West,Paneer Curry Ready Meal,20,8021.599999999999
85a2ab72,1606,BUSINESS_RULE_VIOLATION,VALIDATION,Negative revenue: -179.1; Invalid quantity: -2,2026-02-02 00:42:40.593453,ORD001607,2025-12-08 23:59:45.645053,South,Namkeen Mix 100g,-2,-179.1
85a2ab72,1608,DATA_QUALITY_ISSUE,VALIDATION,Missing region,2026-02-02 00:42:40.593673,ORD001609,2025-09-05 23:59:45.645053,,Water Bottle 1L,38,18580.48
85a2ab72,1610,DATA_FORMAT_ERROR,VALIDATION,Missing order date,2026-02-02 00:42:40.593800,ORD001611,,South,Cola 500ml,4,1523.04
85a2ab72,1619,DATA_FORMAT_ERROR,VALIDATION,Invalid date format,2026-02-02 00:42:40.593896,ORD001620,invalid_date,East,Chicken Biryani Ready Meal,24,5776.799999999999
85a2ab72,1626,DATA_FORMAT_ERROR,VALIDATION,Missing order date,2026-02-02 00:42:40.593977,ORD001143,,North,Dal Tadka Ready Meal,49,17862.95
85a2ab72,1631,DATA_FORMAT_ERROR,VALIDATION,Missing order date,2026-02-02 00:42:40.594055,ORD001632,,North,Chili Sauce 250g,2,658.48
85a2ab72,1635,DATA_FORMAT_ERROR,VALIDATION,Missing order date,2026-02-02 00:42:40.594133,ORD001636,,East,Tomato Ketchup 500g,6,2080.56
85a2ab72,1643,BUSINESS_RULE_VIOLATION,VALIDATION,Negative revenue: -7682.56,2026-02-02 00:42:40.594220,ORD001644,2025-02-22 23:59:45.645053,West,Yogurt 500g,32,-7682.56
85a2ab72,1656,DATA_FORMAT_ERROR,VALIDATION,Invalid date format,2026-02-02 00:42:40.594327,ORD001657,invalid_date,West,Namkeen Mix 100g,20,445.8
85a2ab72,1665,DATA_FORMAT_ERROR,VALIDATION,Missing order date,2026-02-02 00:42:40.594410,ORD001666,,East,Water Bottle 1L,41,16835.829999999998
85a2ab72,1671,BUSINESS_RULE_VIOLATION,VALIDATION,Negative revenue: -1047.06; Invalid quantity: -6,2026-02-02 00:42:40.594498,ORD001672,2025-12-09 23:59:45.645053,West,Water Bottle 1L,-6,-1047.06
85a2ab72,1675,DATA_FORMAT_ERROR,VALIDATION,Invalid date format,2026-02-02 00:42:40.594584,ORD001676,invalid_date,Central,Soy Sauce 200ml,47,12443.72
85a2ab72,1677,BUSINESS_RULE_VIOLATION,VALIDATION,Negative revenue: -9127.8,2026-02-02 00:42:40.594670,ORD001678,2025-07-21 23:59:45.645053,North,Chicken Biryani Ready Meal,20,-9127.8
85a2ab72,1693,DATA_FORMAT_ERROR,VALIDATION,Missing order date,2026-02-02 00:42:40.594741,ORD001694,,South,Chicken Biryani Ready Meal,1,483.13
85a2ab72,1706,DATA_FORMAT_ERROR,VALIDATION,Missing order date,2026-02-02 00:42:40.594796,ORD001707,,East,Potato Chips 50g,47,5434.61
85a2ab72,1710,BUSINESS_RULE_VIOLATION,VALIDATION,Invalid date format; Negative revenue: -2183.52,2026-02-02 00:42:40.594845,ORD001711,invalid_date,East,Cola 500ml,24,-2183.52
85a2ab72,1712,DATA_QUALITY_ISSUE,VALIDATION,Missing region,2026-02-02 00:42:40.594897,ORD001713,2025-07-19 23:59:45.645053,,Tomato Ketchup 500g,17,7583.53
85a2ab72,1713,DATA_FORMAT_ERROR,VALIDATION,Invalid date format,2026-02-02 00:42:40.594945,ORD001714,invalid_date,East,Chili Sauce 250g,22,3335.2
85a2ab72,1728,DATA_FORMAT_ERROR,VALIDATION,Missing order date,2026-02-02 00:42:40.594992,ORD001729,,East,Cheese Spread 100g,50,3662.5
85a2ab72,1734,BUSINESS_RULE_VIOLATION,VALIDATION,Negative revenue: -2308.32; Invalid quantity: -6,2026-02-02 00:42:40.595042,ORD001735,2025-10-23 23:59:45.645053,East,Tomato Ketchup 500g,-6,-2308.32
85a2ab72,1746,DATA_FORMAT_ERROR,VALIDATION,Missing order date,2026-02-02 00:42:40.595088,ORD001747,,East,Chili Sauce 250g,22,8059.92
85a2ab72,1749,DATA_QUALITY_ISSUE,VALIDATION,Missing region,2026-02-02 00:42:40.595137,ORD001750,2025-07-09 23:59:45.645053,,Potato Chips 50g,49,4594.73
85a2ab72,1758,DATA_FORMAT_ERROR,VALIDATION,Missing order date,2026-02-02 00:42:40.595185,ORD001759,,North,Biscuits 200g,15,6696.9
85a2ab72,1772,DATA_FORMAT_ERROR,VALIDATION,Missing order date,2026-02-02 00:42:40.595233,ORD001773,,East,Paneer 200g,50,17941.0
85a2ab72,1773,BUSINESS_RULE_VIOLATION,VALIDATION,Negative revenue: -3848.88,2026-02-02 00:42:40.595281,ORD001774,2025-03-08 23:59:45.645053,West,Chili Sauce 250g,42,-3848.88
85a2ab72,1775,BUSINESS_RULE_VIOLATION,VALIDATION,Negative revenue: -16825.06,2026-02-02 00:42:40.595331,ORD001776,2025-06-11 23:59:45.645053,West,Paneer 200g,47,-16825.06
85a2ab72,1780,DATA_FORMAT_ERROR,VALIDATION,Invalid date format,2026-02-02 00:42:40.595384,ORD001781,invalid_date,West,Tomato Ketchup 500g,22,5519.8
85a2ab72,1785,DATA_QUALITY_ISSUE,VALIDATION,Missing region,2026-02-02 00:42:40.595436,ORD001786,2025-06-26 23:59:45.645053,,Cheese Spread 100g,44,5212.68
85a2ab72,1793,DATA_FORMAT_ERROR,VALIDATION,Invalid date format,2026-02-02 00:42:40.595485,ORD001794,invalid_date,Central,Cola 500ml,28,1033.76
85a2ab72,1796,DATA_QUALITY_ISSUE,VALIDATION,Missing region,2026-02-02 00:42:40.595537,ORD001797,2025-08-26 23:59:45.645053,,Mango Juice 1L,1,344.64
85a2ab72,1812,DATA_FORMAT_ERROR,VALIDATION,Invalid date format,2026-02-02 00:42:40.595588,ORD001813,invalid_date,South,Soy Sauce 200ml,7,2419.27
85a2ab72,1826,DATA_FORMAT_ERROR,VALIDATION,Invalid date format,2026-02-02 00:42:40.595638,ORD001827,invalid_date,East,Namkeen Mix 100g,48,9226.08
85a2ab72,1830,DATA_FORMAT_ERROR,VALIDATION,Missing order date,2026-02-02 00:42:40.595685,ORD001831,,North,Soy Sauce 200ml,38,18718.8
85a2ab72,1852,DATA_FORMAT_ERROR,VALIDATION,Invalid date format,2026-02-02 00:42:40.595743,ORD001853,invalid_date,West,Potato Chips 50g,47,14993.94
85a2ab72,1858,DATA_FORMAT_ERROR,VALIDATION,Invalid date format,2026-02-02 00:42:40.595795,ORD001859,invalid_date,East,Namkeen Mix 100g,13,4545.58
85a2ab72,1887,DATA_FORMAT_ERROR,VALIDATION,Missing order date,2026-02-02 00:42:40.595852,ORD001888,,East,Cola 500ml,38,15688.3
85a2ab72,1888,BUSINESS_RULE_VIOLATION,VALIDATION,Negative revenue: -18562.74,2026-02-02 00:42:40.595916,ORD001889,2025-12-04 23:59:45.645053,Central,Dal Tadka Ready Meal,42,-18562.74
85a2ab72,1915,DATA_FORMAT_ERROR,VALIDATION,Invalid date format,2026-02-02 00:42:40.595980,ORD001916,invalid_date,West,Paneer Curry Ready Meal,10,333.1
85a2ab72,1917,DATA_FORMAT_ERROR,VALIDATION,Missing order date,2026-02-02 00:42:40.596040,ORD001918,,Central,Potato Chips 50g,20,6896.0
85a2ab72,1920,DATA_FORMAT_ERROR,VALIDATION,Invalid date format,2026-02-02 00:42:40.596104,ORD001250,invalid_date,North,Paneer Curry Ready Meal,7,314.65000000000003
85a2ab72,1928,DATA_QUALITY_ISSUE,VALIDATION,Missing region,2026-02-02 00:42:40.596168,ORD001929,2025-06-23 23:59:45.645053,,Namkeen Mix 100g,13,663.0
85a2ab72,1941,DATA_FORMAT_ERROR,VALIDATION,Invalid date format,2026-02-02 00:42:40.596231,ORD001942,invalid_date,South,Milk 1L,41,10843.27
85a2ab72,1945,DATA_FORMAT_ERROR,VALIDATION,Missing order date,2026-02-02 00:42:40.596291,ORD001946,,Central,Paneer 200g,31,535.0600000000001
85a2ab72,1948,DATA_FORMAT_ERROR,VALIDATION,Invalid date format,2026-02-02 00:42:40.596355,ORD001949,invalid_date,North,Cola 500ml,28,5505.360000000001
85a2ab72,1949,DATA_FORMAT_ERROR,VALIDATION,Missing order date,2026-02-02 00:42:40.596414,ORD001950,,South,Dal Tadka Ready Meal,49,16252.32
85a2ab72,1958,DATA_FORMAT_ERROR,VALIDATION,Missing order date,2026-02-02 00:42:40.596475,ORD001959,,North,Paneer 200g,9,970.38
85a2ab72,1959,DATA_QUALITY_ISSUE,VALIDATION,Missing region,2026-02-02 00:42:40.596538,ORD001960,2025-10-07 23:59:45.645053,,Namkeen Mix 100g,38,10905.240000000002
85a2ab72,1966,DATA_FORMAT_ERROR,VALIDATION,Missing order date,2026-02-02 00:42:40.596605,ORD001967,,South,Mango Juice 1L,24,4211.52
85a2ab72,1987,DATA_FORMAT_ERROR,VALIDATION,Missing order date,2026-02-02 00:42:40.596675,ORD001988,,Central,Paneer Curry Ready Meal,23,4041.33
85a2ab72,1990,DATA_FORMAT_ERROR,VALIDATION,Invalid date format,2026-02-02 00:42:40.596782,ORD001991,invalid_date,East,Potato Chips 50g,32,2339.2
85a2ab72,1997,DATA_FORMAT_ERROR,VALIDATION,Invalid date format,2026-02-02 00:42:40.596887,ORD001998,invalid_date,South,Milk 1L,3,309.78000000000003
85a2ab72,2012,BUSINESS_RULE_VIOLATION,VALIDATION,Negative revenue: -2420.16,2026-02-02 00:42:40.596959,ORD000346,2026-01-03 23:59:45.645053,West,Paneer 200g,8,-2420.16
85a2ab72,2031,DATA_FORMAT_ERROR,VALIDATION,Missing order date,2026-02-02 00:42:40.597023,ORD002032,,East,Water Bottle 1L,13,5614.7
85a2ab72,2043,DATA_FORMAT_ERROR,VALIDATION,Missing order date,2026-02-02 00:42:40.597086,ORD002044,,Central,Water Bottle 1L,50,12680.5
85a2ab72,2054,DATA_FORMAT_ERROR,VALIDATION,Missing order date,2026-02-02 00:42:40.597147,ORD002055,,East,Paneer 200g,31,3932.04
85a2ab72,2061,BUSINESS_RULE_VIOLATION,VALIDATION,Negative revenue: -551.97,2026-02-02 00:42:40.597210,ORD002062,2025-04-10 23:59:45.645053,West,Paneer 200g,9,-551.97
85a2ab72,2064,BUSINESS_RULE_VIOLATION,VALIDATION,Negative revenue: -3608.64,2026-02-02 00:42:40.597273,ORD002065,2025-12-28 23:59:45.645053,East,Paneer 200g,42,-3608.64
85a2ab72,2067,DATA_FORMAT_ERROR,VALIDATION,Missing order date,2026-02-02 00:42:40.597334,ORD002068,,North,Namkeen Mix 100g,33,4013.13
85a2ab72,2070,DATA_FORMAT_ERROR,VALIDATION,Invalid date format,2026-02-02 00:42:40.597399,ORD002071,invalid_date,East,Milk 1L,14,800.66
85a2ab72,2075,BUSINESS_RULE_VIOLATION,VALIDATION,Invalid date format; Negative revenue: -13841.74,2026-02-02 00:42:40.597464,ORD002076,invalid_date,South,Paneer 200g,34,-13841.74
85a2ab72,2081,DATA_FORMAT_ERROR,VALIDATION,Missing order date,2026-02-02 00:42:40.597526,ORD002082,,East,Paneer 200g,24,1955.52
85a2ab72,2100,DATA_FORMAT_ERROR,VALIDATION,Invalid date format,2026-02-02 00:42:40.597612,ORD002101,invalid_date,South,Cola 500ml,45,19743.75
85a2ab72,2113,BUSINESS_RULE_VIOLATION,VALIDATION,Negative revenue: -775.44; Invalid quantity: -4,2026-02-02 00:42:40.597683,ORD002114,2025-08-19 23:59:45.645053,West,Water Bottle 1L,-4,-775.44
85a2ab72,2122,DATA_FORMAT_ERROR,VALIDATION,Missing order date,2026-02-02 00:42:40.597757,ORD002123,,East,Mango Juice 1L,19,890.34
85a2ab72,2124,DATA_QUALITY_ISSUE,VALIDATION,Missing region,2026-02-02 00:42:40.597824,ORD002125,2025-03-29 23:59:45.645053,,Milk 1L,7,2548.28
85a2ab72,2125,DATA_FORMAT_ERROR,VALIDATION,Missing order date,2026-02-02 00:42:40.597885,ORD002126,,West,Water Bottle 1L,10,3792.1
85a2ab72,2135,DATA_QUALITY_ISSUE,VALIDATION,Missing region,2026-02-02 00:42:40.597948,ORD002136,2025-10-24 23:59:45.645053,,Milk 1L,19,7038.74
85a2ab72,2138,DATA_FORMAT_ERROR,VALIDATION,Missing order date,2026-02-02 00:42:40.598008,ORD002139,,South,Water Bottle 1L,49,24065.86
85a2ab72,2146,DATA_FORMAT_ERROR,VALIDATION,Missing order date,2026-02-02 00:42:40.598070,ORD000115,,West,Chili Sauce 250g,1,195.9
85a2ab72,2164,DATA_FORMAT_ERROR,VALIDATION,Invalid date format,2026-02-02 00:42:40.598136,ORD002165,invalid_date,West,Chicken Biryani Ready Meal,19,2542.39
85a2ab72,2167,DATA_QUALITY_ISSUE,VALIDATION,Missing region,2026-02-02 00:42:40.598202,ORD002168,2025-11-06 23:59:45.645053,,Cheese Spread 100g,27,4280.58
85a2ab72,2171,DATA_FORMAT_ERROR,VALIDATION,Invalid date format,2026-02-02 00:42:40.598287,ORD002172,invalid_date,North,Paneer Curry Ready Meal,8,2251.36
85a2ab72,2174,DATA_FORMAT_ERROR,VALIDATION,Missing order date,2026-02-02 00:42:40.598385,ORD002175,,North,Paneer Curry Ready Meal,30,10966.2
85a2ab72,2181,BUSINESS_RULE_VIOLATION,VALIDATION,Negative revenue: -20317.44,2026-02-02 00:42:40.598486,ORD002182,2025-09-18 23:59:45.645053,North,Biscuits 200g,44,-20317.44
85a2ab72,2188,BUSINESS_RULE_VIOLATION,VALIDATION,Negative revenue: -6509.65,2026-02-02 00:42:40.598616,ORD002189,2025-03-31 23:59:45.645053,South,Potato Chips 50g,49,-6509.65
85a2ab72,2278,DATA_FORMAT_ERROR,VALIDATION,Missing order date,2026-02-02 00:42:40.598702,ORD002279,,North,Water Bottle 1L,20,4326.4
85a2ab72,2282,DATA_FORMAT_ERROR,VALIDATION,Invalid date format,2026-02-02 00:42:40.598825,ORD002283,invalid_date,South,Paneer Curry Ready Meal,46,18475.9
85a2ab72,2286,DATA_QUALITY_ISSUE,VALIDATION,Missing region,2026-02-02 00:42:40.598904,ORD002287,2025-09-23 23:59:45.645053,,Soy Sauce 200ml,11,4845.280000000001
85a2ab72,2302,DATA_FORMAT_ERROR,VALIDATION,Missing order date,2026-02-02 00:42:40.598967,ORD002303,,North,Water Bottle 1L,34,14016.5
85a2ab72,2304,DATA_FORMAT_ERROR,VALIDATION,Invalid date format,2026-02-02 00:42:40.599031,ORD002305,invalid_date,North,Chicken Biryani Ready Meal,13,5597.150000000001
85a2ab72,2310,DATA_FORMAT_ERROR,VALIDATION,Missing region; Missing order date,2026-02-02 00:42:40.599089,ORD002311,,,Mango Juice 1L,36,15032.16
85a2ab72,2312,BUSINESS_RULE_VIOLATION,VALIDATION,Negative revenue: -465.8; Invalid quantity: -4,2026-02-02 00:42:40.599156,ORD002313,2025-09-26 23:59:45.645053,South,Namkeen Mix 100g,-4,-465.8
85a2ab72,2323,BUSINESS_RULE_VIOLATION,VALIDATION,Negative revenue: -3369.84; Invalid quantity: -8,2026-02-02 00:42:40.599224,ORD002324,2025-09-09 23:59:45.645053,East,Biscuits 200g,-8,-3369.84
85a2ab72,2327,DATA_FORMAT_ERROR,VALIDATION,Invalid date format,2026-02-02 00:42:40.599291,ORD002328,invalid_date,Central,Tomato Ketchup 500g,7,259.98
85a2ab72,2336,DATA_QUALITY_ISSUE,VALIDATION,Missing region,2026-02-02 00:42:40.599357,ORD002337,2025-12-29 23:59:45.645053,,Cheese Spread 100g,7,1692.04
85a2ab72,2338,DATA_FORMAT_ERROR,VALIDATION,Missing order date,2026-02-02 00:42:40.599418,ORD002339,,East,Dal Tadka Ready Meal,31,14322.31
85a2ab72,2353,DATA_QUALITY_ISSUE,VALIDATION,Missing region,2026-02-02 00:42:40.599481,ORD002354,2025-03-14 23:59:45.645053,,Water Bottle 1L,46,10360.58
85a2ab72,2358,DATA_FORMAT_ERROR,VALIDATION,Missing order date,2026-02-02 00:42:40.599532,ORD002359,,East,Chili Sauce 250g,18,2169.7200000000003
85a2ab72,2361,DATA_FORMAT_ERROR,VALIDATION,Missing order date,2026-02-02 00:42:40.599576,ORD002362,,South,Namkeen Mix 100g,42,16160.759999999998
85a2ab72,2367,DATA_QUALITY_ISSUE,VALIDATION,Missing region,2026-02-02 00:42:40.599623,ORD002368,2025-05-21 23:59:45.645053,,Yogurt 500g,29,7834.93
85a2ab72,2372,DATA_FORMAT_ERROR,VALIDATION,Missing order date,2026-02-02 00:42:40.599667,ORD002373,,North,Milk 1L,40,10689.6
85a2ab72,2381,DATA_FORMAT_ERROR,VALIDATION,Missing order date,2026-02-02 00:42:40.599726,ORD000647,,South,Cola 500ml,39,18158.01
85a2ab72,2382,DATA_FORMAT_ERROR,VALIDATION,Invalid date format,2026-02-02 00:42:40.599777,ORD000997,invalid_date,South,Cola 500ml,26,11883.3
85a2ab72,2384,DATA_FORMAT_ERROR,VALIDATION,Invalid date format,2026-02-02 00:42:40.599824,ORD002385,invalid_date,Central,Water Bottle 1L,20,7793.0
85a2ab72,2385,DATA_FORMAT_ERROR,VALIDATION,Missing order date,2026-02-02 00:42:40.599868,ORD002386,,North,Cola 500ml,33,11795.19
85a2ab72,2386,BUSINESS_RULE_VIOLATION,VALIDATION,Negative revenue: -2480.04; Invalid quantity: -6,2026-02-02 00:42:40.599915,ORD002387,2025-09-20 23:59:45.645053,South,Soy Sauce 200ml,-6,-2480.04
85a2ab72,2387,DATA_FORMAT_ERROR,VALIDATION,Invalid date format,2026-02-02 00:42:40.599961,ORD002388,invalid_date,Central,Paneer Curry Ready Meal,5,578.8000000000001
85a2ab72,2394,DATA_FORMAT_ERROR,VALIDATION,Missing order date,2026-02-02 00:42:40.600005,ORD002395,,North,Dal Tadka Ready Meal,39,1463.2800000000002
85a2ab72,2399,DATA_FORMAT_ERROR,VALIDATION,Missing order date,2026-02-02 00:42:40.600077,ORD002400,,Central,Water Bottle 1L,34,5618.16
85a2ab72,2408,DATA_FORMAT_ERROR,VALIDATION,Missing order date,2026-02-02 00:42:40.600281,ORD002409,,North,Yogurt 500g,47,12569.68
85a2ab72,2415,DATA_FORMAT_ERROR,VALIDATION,Missing order date,2026-02-02 00:42:40.600374,ORD002416,,Central,Paneer Curry Ready Meal,10,1256.9
85a2ab72,2418,DATA_FORMAT_ERROR,VALIDATION,Invalid date format,2026-02-02 00:42:40.600436,ORD002419,invalid_date,South,Yogurt 500g,33,15605.37
85a2ab72,2429,DATA_QUALITY_ISSUE,VALIDATION,Missing region,2026-02-02 00:42:40.600490,ORD002430,2025-03-20 23:59:45.645053,,Paneer Curry Ready Meal,45,2611.35
85a2ab72,2431,DATA_FORMAT_ERROR,VALIDATION,Missing order date,2026-02-02 00:42:40.600538,ORD002432,,South,Paneer Curry Ready Meal,48,16838.88
85a2ab72,2435,DATA_FORMAT_ERROR,VALIDATION,Missing order date,2026-02-02 00:42:40.600584,ORD002436,,South,Water Bottle 1L,22,8695.28
85a2ab72,2446,DATA_FORMAT_ERROR,VALIDATION,Missing order date,2026-02-02 00:42:40.600628,ORD002447,,Central,Paneer 200g,2,699.48
85a2ab72,2456,DATA_FORMAT_ERROR,VALIDATION,Missing order date,2026-02-02 00:42:40.600672,ORD002457,,West,Biscuits 200g,40,13720.8
85a2ab72,2470,DATA_FORMAT_ERROR,VALIDATION,Missing order date,2026-02-02 00:42:40.600717,ORD002471,,North,Chicken Biryani Ready Meal,11,4416.83
85a2ab72,2474,DATA_QUALITY_ISSUE,VALIDATION,Missing region,2026-02-02 00:42:40.600774,ORD002475,2025-07-15 23:59:45.645053,,Biscuits 200g,19,3036.39
85a2ab72,2487,DATA_FORMAT_ERROR,VALIDATION,Invalid date format,2026-02-02 00:42:40.600825,ORD002488,invalid_date,East,Cola 500ml,14,2816.66
85a2ab72,2501,DATA_FORMAT_ERROR,VALIDATION,Invalid date format,2026-02-02 00:42:40.600872,ORD002502,invalid_date,North,Soy Sauce 200ml,43,1480.9199999999998
85a2ab72,2507,BUSINESS_RULE_VIOLATION,VALIDATION,Negative revenue: -438.16; Invalid quantity: -1,2026-02-02 00:42:40.600920,ORD002508,2025-07-26 23:59:45.645053,South,Paneer Curry Ready Meal,-1,-438.16
85a2ab72,2516,DATA_FORMAT_ERROR,VALIDATION,Invalid date format,2026-02-02 00:42:40.600967,ORD002517,invalid_date,Central,Cheese Spread 100g,47,6527.36
85a2ab72,2518,DATA_FORMAT_ERROR,VALIDATION,Missing region; Missing order date,2026-02-02 00:42:40.601012,ORD002519,,,Potato Chips 50g,17,2882.69
85a2ab72,2577,DATA_FORMAT_ERROR,VALIDATION,Invalid date format,2026-02-02 00:42:40.601060,ORD002578,invalid_date,South,Cola 500ml,41,13375.43
85a2ab72,2578,DATA_FORMAT_ERROR,VALIDATION,Missing order date,2026-02-02 00:42:40.601105,ORD002579,,Central,Paneer Curry Ready Meal,37,17265.68
85a2ab72,2590,DATA_FORMAT_ERROR,VALIDATION,Invalid date format,2026-02-02 00:42:40.601154,ORD002591,invalid_date,Central,Potato Chips 50g,38,17513.06
85a2ab72,2593,DATA_FORMAT_ERROR,VALIDATION,Missing order date,2026-02-02 00:42:40.601211,ORD002594,,North,Yogurt 500g,24,9267.12
85a2ab72,2603,BUSINESS_RULE_VIOLATION,VALIDATION,Negative revenue: -1629.44,2026-02-02 00:42:40.601264,ORD002604,2026-01-24 23:59:45.645053,South,Dal Tadka Ready Meal,8,-1629.44
85a2ab72,2606,DATA_FORMAT_ERROR,VALIDATION,Missing order date,2026-02-02 00:42:40.601312,ORD002607,,Central,Paneer 200g,22,1371.92
85a2ab72,2628,DATA_FORMAT_ERROR,VALIDATION,Missing order date,2026-02-02 00:42:40.601355,ORD002629,,East,Milk 1L,45,11182.5
85a2ab72,2630,BUSINESS_RULE_VIOLATION,VALIDATION,Negative revenue: -8377.0,2026-02-02 00:42:40.601401,ORD002631,2025-05-08 23:59:45.645053,South,Namkeen Mix 100g,25,-8377.0
85a2ab72,2644,DATA_FORMAT_ERROR,VALIDATION,Invalid date format,2026-02-02 00:42:40.601447,ORD002645,invalid_date,East,Potato Chips 50g,47,5390.43
85a2ab72,2646,DATA_FORMAT_ERROR,VALIDATION,Invalid date format,2026-02-02 00:42:40.601493,ORD002647,invalid_date,North,Potato Chips 50g,18,478.44
85a2ab72,2648,DATA_FORMAT_ERROR,VALIDATION,Invalid date format,2026-02-02 00:42:40.601539,ORD002649,invalid_date,Central,Biscuits 200g,38,8770.02
85a2ab72,2651,DATA_QUALITY_ISSUE,VALIDATION,Missing region,2026-02-02 00:42:40.601585,ORD002652,2025-12-28 23:59:45.645053,,Chili Sauce 250g,31,6172.099999999999
85a2ab72,2653,DATA_FORMAT_ERROR,VALIDATION,Invalid date format,2026-02-02 00:42:40.601632,ORD002654,invalid_date,West,Cola 500ml,42,3304.5600000000004
85a2ab72,2659,DATA_FORMAT_ERROR,VALIDATION,Missing order date,2026-02-02 00:42:40.601676,ORD002660,,West,Water Bottle 1L,33,3452.46
85a2ab72,2664,DATA_QUALITY_ISSUE,VALIDATION,Missing region,2026-02-02 00:42:40.601722,ORD002665,2025-11-02 23:59:45.645053,,Cola 500ml,11,2087.69
85a2ab72,2670,BUSINESS_RULE_VIOLATION,VALIDATION,Negative revenue: -4212.6; Invalid quantity: -10,2026-02-02 00:42:40.601770,ORD002671,2025-10-23 23:59:45.645053,West,Paneer Curry Ready Meal,-10,-4212.6
85a2ab72,2671,DATA_QUALITY_ISSUE,VALIDATION,Missing region,2026-02-02 00:42:40.601824,ORD002672,2025-09-19 23:59:45.645053,,Namkeen Mix 100g,2,720.58
85a2ab72,2675,BUSINESS_RULE_VIOLATION,VALIDATION,Negative revenue: -2459.52; Invalid quantity: -6,2026-02-02 00:42:40.601896,ORD002676,2025-02-21 23:59:45.645053,North,Paneer Curry Ready Meal,-6,-2459.52
85a2ab72,2678,DATA_FORMAT_ERROR,VALIDATION,Missing order date,2026-02-02 00:42:40.601962,ORD002679,,West,Paneer Curry Ready Meal,47,4039.65
85a2ab72,2685,DATA_FORMAT_ERROR,VALIDATION,Invalid date format,2026-02-02 00:42:40.602030,ORD002686,invalid_date,Central,Dal Tadka Ready Meal,34,9075.62
85a2ab72,2703,DATA_QUALITY_ISSUE,VALIDATION,Missing region,2026-02-02 00:42:40.602099,ORD002704,2025-08-04 23:59:45.645053,,Cola 500ml,3,785.01
85a2ab72,2715,BUSINESS_RULE_VIOLATION,VALIDATION,Negative revenue: -5922.900000000001,2026-02-02 00:42:40.602167,ORD002716,2025-06-05 23:59:45.645053,North,Paneer Curry Ready Meal,18,-5922.900000000001
85a2ab72,2733,BUSINESS_RULE_VIOLATION,VALIDATION,Negative revenue: -487.73,2026-02-02 00:42:40.602235,ORD002734,2025-09-22 23:59:45.645053,South,Cheese Spread 100g,1,-487.73
85a2ab72,2734,DATA_FORMAT_ERROR,VALIDATION,Missing order date,2026-02-02 00:42:40.602301,ORD002735,,East,Yogurt 500g,6,945.18
85a2ab72,2736,DATA_FORMAT_ERROR,VALIDATION,Invalid date format,2026-02-02 00:42:40.602369,ORD002737,invalid_date,West,Namkeen Mix 100g,21,7442.610000000001
85a2ab72,2741,BUSINESS_RULE_VIOLATION,VALIDATION,Negative revenue: -9958.68,2026-02-02 00:42:40.602436,ORD002742,2025-06-21 23:59:45.645053,South,Chili Sauce 250g,36,-9958.68
85a2ab72,2748,DATA_FORMAT_ERROR,VALIDATION,Invalid date format,2026-02-02 00:42:40.602505,ORD002749,invalid_date,West,Chicken Biryani Ready Meal,22,4580.62
85a2ab72,2763,DATA_FORMAT_ERROR,VALIDATION,Missing order date,2026-02-02 00:42:40.602571,ORD002764,,South,Potato Chips 50g,47,8258.37
85a2ab72,2764,DATA_FORMAT_ERROR,VALIDATION,Missing order date,2026-02-02 00:42:40.602636,ORD002765,,West,Tomato Ketchup 500g,28,9391.48
85a2ab72,2784,DATA_QUALITY_ISSUE,VALIDATION,Missing region,2026-02-02 00:42:40.602722,ORD002785,2025-11-12 23:59:45.645053,,Tomato Ketchup 500g,34,7689.1
85a2ab72,2787,DATA_FORMAT_ERROR,VALIDATION,Missing order date,2026-02-02 00:42:40.602794,ORD002788,,West,Paneer 200g,43,9050.21
85a2ab72,2792,DATA_QUALITY_ISSUE,VALIDATION,Missing region,2026-02-02 00:42:40.602864,ORD002793,2026-01-02 23:59:45.645053,,Potato Chips 50g,15,6943.05
85a2ab72,2799,DATA_FORMAT_ERROR,VALIDATION,Missing order date,2026-02-02 00:42:40.602929,ORD002800,,East,Chicken Biryani Ready Meal,32,4914.88
85a2ab72,2802,BUSINESS_RULE_VIOLATION,VALIDATION,Negative revenue: -9529.3,2026-02-02 00:42:40.602997,ORD002803,2025-03-23 23:59:45.645053,Central,Soy Sauce 200ml,22,-9529.3
85a2ab72,2809,DATA_FORMAT_ERROR,VALIDATION,Missing order date,2026-02-02 00:42:40.603064,ORD002810,,West,Paneer Curry Ready Meal,42,20735.4
85a2ab72,2822,DATA_FORMAT_ERROR,VALIDATION,Missing order date,2026-02-02 00:42:40.603125,ORD002823,,Central,Paneer 200g,11,3897.96
85a2ab72,2848,DATA_FORMAT_ERROR,VALIDATION,Invalid date format,2026-02-02 00:42:40.603188,ORD002849,invalid_date,South,Milk 1L,10,600.8
85a2ab72,2856,DATA_FORMAT_ERROR,VALIDATION,Invalid date format,2026-02-02 00:42:40.603252,ORD002857,invalid_date,West,Chili Sauce 250g,17,1000.28
85a2ab72,2858,DATA_FORMAT_ERROR,VALIDATION,Invalid date format,2026-02-02 00:42:40.603326,ORD002859,invalid_date,Central,Water Bottle 1L,16,2272.8
85a2ab72,2865,DATA_FORMAT_ERROR,VALIDATION,Missing order date,2026-02-02 00:42:40.603387,ORD002866,,East,Chili Sauce 250g,23,11054.03
85a2ab72,2867,DATA_FORMAT_ERROR,VALIDATION,Missing order date,2026-02-02 00:42:40.603447,ORD002868,,Central,Tomato Ketchup 500g,12,420.72
85a2ab72,2870,DATA_FORMAT_ERROR,VALIDATION,Invalid date format,2026-02-02 00:42:40.603510,ORD002871,invalid_date,Central,Biscuits 200g,36,2368.44
85a2ab72,2871,DATA_FORMAT_ERROR,VALIDATION,Invalid date format,2026-02-02 00:42:40.603575,ORD002872,invalid_date,East,Cheese Spread 100g,9,2277.36
85a2ab72,2879,DATA_FORMAT_ERROR,VALIDATION,Invalid date format,2026-02-02 00:42:40.603638,ORD002880,invalid_date,Central,Potato Chips 50g,46,19104.72
85a2ab72,2881,DATA_FORMAT_ERROR,VALIDATION,Missing order date,2026-02-02 00:42:40.603709,ORD002882,,North,Water Bottle 1L,37,8244.710000000001
85a2ab72,2883,BUSINESS_RULE_VIOLATION,VALIDATION,Invalid date format; Negative revenue: -3520.7,2026-02-02 00:42:40.603806,ORD002884,invalid_date,Central,Biscuits 200g,10,-3520.7
85a2ab72,2884,DATA_FORMAT_ERROR,VALIDATION,Invalid date format,2026-02-02 00:42:40.603905,ORD002885,invalid_date,Central,Mango Juice 1L,22,8453.939999999999
85a2ab72,2898,BUSINESS_RULE_VIOLATION,VALIDATION,Negative revenue: -7202.049999999999,2026-02-02 00:42:40.603982,ORD002899,2025-04-21 23:59:45.645053,South,Chicken Biryani Ready Meal,17,-7202.049999999999
85a2ab72,2904,DATA_QUALITY_ISSUE,VALIDATION,Missing region,2026-02-02 00:42:40.604049,ORD002905,2025-03-06 23:59:45.645053,,Tomato Ketchup 500g,45,12394.35
85a2ab72,2910,DATA_FORMAT_ERROR,VALIDATION,Missing order date,2026-02-02 00:42:40.604110,ORD002911,,West,Paneer Curry Ready Meal,33,2331.4500000000003
85a2ab72,2916,DATA_FORMAT_ERROR,VALIDATION,Missing order date,2026-02-02 00:42:40.604170,ORD002917,,South,Dal Tadka Ready Meal,44,11282.04
85a2ab72,2920,DATA_FORMAT_ERROR,VALIDATION,Invalid date format,2026-02-02 00:42:40.604233,ORD002921,invalid_date,East,Potato Chips 50g,1,357.72
85a2ab72,2923,DATA_FORMAT_ERROR,VALIDATION,Missing order date,2026-02-02 00:42:40.604294,ORD002924,,South,Biscuits 200g,50,10423.5
85a2ab72,2932,DATA_QUALITY_ISSUE,VALIDATION,Missing region,2026-02-02 00:42:40.604358,ORD002933,2025-08-08 23:59:45.645053,,Yogurt 500g,16,6756.32
85a2ab72,2942,DATA_FORMAT_ERROR,VALIDATION,Missing order date,2026-02-02 00:42:40.604419,ORD002943,,East,Paneer Curry Ready Meal,33,12016.29
85a2ab72,2952,DATA_FORMAT_ERROR,VALIDATION,Missing order date,2026-02-02 00:42:40.604480,ORD002953,,East,Paneer Curry Ready Meal,34,15757.64
85a2ab72,2970,DATA_FORMAT_ERROR,VALIDATION,Missing order date,2026-02-02 00:42:40.604541,ORD002971,,West,Chili Sauce 250g,31,11704.36
85a2ab72,2995,BUSINESS_RULE_VIOLATION,VALIDATION,Negative revenue: -393.04; Invalid quantity: -4,2026-02-02 00:42:40.604614,ORD002996,2025-06-08 23:59:45.645053,South,Biscuits 200g,-4,-393.04
85a2ab72,3009,DATA_FORMAT_ERROR,VALIDATION,Missing order date,2026-02-02 00:42:40.604695,ORD003010,,East,Tomato Ketchup 500g,44,3992.56
85a2ab72,3019,DATA_FORMAT_ERROR,VALIDATION,Invalid date format,2026-02-02 00:42:40.604763,ORD003020,invalid_date,Central,Yogurt 500g,39,10892.31
85a2ab72,3023,DATA_FORMAT_ERROR,VALIDATION,Missing order date,2026-02-02 00:42:40.604824,ORD003024,,South,Paneer 200g,19,8090.39
85a2ab72,3026,DATA_QUALITY_ISSUE,VALIDATION,Missing region,2026-02-02 00:42:40.604889,ORD003027,2025-11-14 23:59:45.645053,,Biscuits 200g,18,7893.18
85a2ab72,3039,DATA_FORMAT_ERROR,VALIDATION,Missing order date,2026-02-02 00:42:40.604952,ORD003040,,East,Yogurt 500g,24,11014.56
85a2ab72,3046,DATA_FORMAT_ERROR,VALIDATION,Missing order date,2026-02-02 00:42:40.605013,ORD003047,,South,Biscuits 200g,1,476.49
85a2ab72,3052,DATA_FORMAT_ERROR,VALIDATION,Invalid date format,2026-02-02 00:42:40.605077,ORD003053,invalid_date,North,Mango Juice 1L,16,7402.56
85a2ab72,3080,DATA_FORMAT_ERROR,VALIDATION,Missing order date,2026-02-02 00:42:40.605137,ORD003081,,East,Mango Juice 1L,21,2406.6
85a2ab72,3093,DATA_FORMAT_ERROR,VALIDATION,Missing order date,2026-02-02 00:42:40.605198,ORD003094,,South,Cheese Spread 100g,20,349.79999999999995
85a2ab72,3120,DATA_FORMAT_ERROR,VALIDATION,Invalid date format,2026-02-02 00:42:40.605261,ORD003121,invalid_date,East,Cola 500ml,1,454.4
85a2ab72,3121,DATA_FORMAT_ERROR,VALIDATION,Invalid date format,2026-02-02 00:42:40.605367,ORD003122,invalid_date,East,Namkeen Mix 100g,41,13719.83
85a2ab72,3129,BUSINESS_RULE_VIOLATION,VALIDATION,Negative revenue: -4077.6; Invalid quantity: -10,2026-02-02 00:42:40.605463,ORD003130,2025-02-21 23:59:45.645053,West,Yogurt 500g,-10,-4077.6
85a2ab72,3134,DATA_FORMAT_ERROR,VALIDATION,Missing order date,2026-02-02 00:42:40.605576,ORD003135,,South,Soy Sauce 200ml,42,20170.08
85a2ab72,3137,BUSINESS_RULE_VIOLATION,VALIDATION,Negative revenue: -2753.52,2026-02-02 00:42:40.605708,ORD003138,2025-05-12 23:59:45.645053,North,Paneer Curry Ready Meal,44,-2753.52
85a2ab72,3152,DATA_FORMAT_ERROR,VALIDATION,Missing order date,2026-02-02 00:42:40.605914,ORD003153,,South,Potato Chips 50g,37,5051.61
85a2ab72,3156,DATA_FORMAT_ERROR,VALIDATION,Missing order date,2026-02-02 00:42:40.606061,ORD003157,,North,Cheese Spread 100g,9,3672.81
85a2ab72,3163,DATA_FORMAT_ERROR,VALIDATION,Missing order date,2026-02-02 00:42:40.606184,ORD003164,,South,Water Bottle 1L,16,649.44
85a2ab72,3169,DATA_FORMAT_ERROR,VALIDATION,Missing order date,2026-02-02 00:42:40.606302,ORD003170,,Central,Mango Juice 1L,31,7354.75
85a2ab72,3171,DATA_FORMAT_ERROR,VALIDATION,Missing order date,2026-02-02 00:42:40.606428,ORD003172,,North,Water Bottle 1L,24,1983.84
85a2ab72,3176,BUSINESS_RULE_VIOLATION,VALIDATION,Negative revenue: -3748.84,2026-02-02 00:42:40.606558,ORD003177,2026-01-13 23:59:45.645053,South,Tomato Ketchup 500g,37,-3748.84
85a2ab72,3183,BUSINESS_RULE_VIOLATION,VALIDATION,Negative revenue: -1964.5,2026-02-02 00:42:40.606706,ORD003184,2025-10-03 23:59:45.645053,North,Milk 1L,5,-1964.5
85a2ab72,3196,DATA_FORMAT_ERROR,VALIDATION,Missing order date,2026-02-02 00:42:40.606829,ORD003197,,North,Biscuits 200g,42,5546.52
85a2ab72,3204,BUSINESS_RULE_VIOLATION,VALIDATION,Negative revenue: -2466.96; Invalid quantity: -6,2026-02-02 00:42:40.606903,ORD003205,2025-12-30 23:59:45.645053,East,Yogurt 500g,-6,-2466.96
85a2ab72,3208,BUSINESS_RULE_VIOLATION,VALIDATION,Negative revenue: -1073.16; Invalid quantity: -6,2026-02-02 00:42:40.606965,ORD003209,2025-09-28 23:59:45.645053,Central,Namkeen Mix 100g,-6,-1073.16
85a2ab72,3212,BUSINESS_RULE_VIOLATION,VALIDATION,Negative revenue: -1190.34,2026-02-02 00:42:40.607026,ORD003213,2025-05-06 23:59:45.645053,West,Chili Sauce 250g,34,-1190.34
85a2ab72,3222,DATA_QUALITY_ISSUE,VALIDATION,Missing region,2026-02-02 00:42:40.607145,ORD003223,2025-12-26 23:59:45.645053,,Dal Tadka Ready Meal,2,203.6
85a2ab72,3233,DATA_FORMAT_ERROR,VALIDATION,Missing order date,2026-02-02 00:42:40.607252,ORD003234,,East,Soy Sauce 200ml,44,15913.92
85a2ab72,3265,DATA_FORMAT_ERROR,VALIDATION,Missing order date,2026-02-02 00:42:40.607329,ORD003266,,South,Mango Juice 1L,41,3170.53
85a2ab72,3268,DATA_FORMAT_ERROR,VALIDATION,Missing order date,2026-02-02 00:42:40.607385,ORD003269,,West,Water Bottle 1L,50,5149.0
85a2ab72,3277,DATA_FORMAT_ERROR,VALIDATION,Invalid date format,2026-02-02 00:42:40.607436,ORD003278,invalid_date,North,Soy Sauce 200ml,16,1527.04
85a2ab72,3278,DATA_QUALITY_ISSUE,VALIDATION,Missing region,2026-02-02 00:42:40.607486,ORD003279,2025-10-14 23:59:45.645053,,Chili Sauce 250g,45,1919.7
85a2ab72,3282,DATA_FORMAT_ERROR,VALIDATION,Missing order date,2026-02-02 00:42:40.607537,ORD003283,,Central,Mango Juice 1L,49,22704.64
85a2ab72,3303,DATA_FORMAT_ERROR,VALIDATION,Missing order date,2026-02-02 00:42:40.607584,ORD003304,,East,Water Bottle 1L,14,4468.52
85a2ab72,3306,DATA_FORMAT_ERROR,VALIDATION,Invalid date format,2026-02-02 00:42:40.607631,ORD003307,invalid_date,South,Soy Sauce 200ml,38,12106.419999999998
85a2ab72,3312,DATA_FORMAT_ERROR,VALIDATION,Invalid date format,2026-02-02 00:42:40.607689,ORD003313,invalid_date,East,Dal Tadka Ready Meal,25,9007.0
85a2ab72,3315,DATA_FORMAT_ERROR,VALIDATION,Missing order date,2026-02-02 00:42:40.607739,ORD003316,,South,Mango Juice 1L,35,11891.25
85a2ab72,3342,DATA_FORMAT_ERROR,VALIDATION,Invalid date format,2026-02-02 00:42:40.607785,ORD003343,invalid_date,North,Biscuits 200g,27,8959.95
85a2ab72,3350,DATA_QUALITY_ISSUE,VALIDATION,Missing region,2026-02-02 00:42:40.607832,ORD003351,2025-08-13 23:59:45.645053,,Paneer 200g,49,9067.94
85a2ab72,3359,BUSINESS_RULE_VIOLATION,VALIDATION,Negative revenue: -456.27; Invalid quantity: -3,2026-02-02 00:42:40.607881,ORD003360,2025-11-06 23:59:45.645053,West,Cheese Spread 100g,-3,-456.27
85a2ab72,3361,DATA_QUALITY_ISSUE,VALIDATION,Missing region,2026-02-02 00:42:40.607928,ORD003362,2026-01-27 23:59:45.645053,,Potato Chips 50g,4,1426.08
85a2ab72,3366,DATA_FORMAT_ERROR,VALIDATION,Missing order date,2026-02-02 00:42:40.607971,ORD003367,,North,Yogurt 500g,39,8588.97
85a2ab72,3370,DATA_FORMAT_ERROR,VALIDATION,Invalid date format,2026-02-02 00:42:40.608018,ORD003371,invalid_date,West,Biscuits 200g,36,1953.36
85a2ab72,3371,BUSINESS_RULE_VIOLATION,VALIDATION,Negative revenue: -136.27; Invalid quantity: -1,2026-02-02 00:42:40.608066,ORD003372,2026-01-09 23:59:45.645053,North,Cola 500ml,-1,-136.27
85a2ab72,3372,DATA_FORMAT_ERROR,VALIDATION,Invalid date format,2026-02-02 00:42:40.608125,ORD003373,invalid_date,East,Cola 500ml,7,109.48
85a2ab72,3386,DATA_FORMAT_ERROR,VALIDATION,Missing order date,2026-02-02 00:42:40.608185,ORD003387,,West,Potato Chips 50g,48,6487.68
85a2ab72,3398,DATA_FORMAT_ERROR,VALIDATION,Invalid date format,2026-02-02 00:42:40.608233,ORD003399,invalid_date,North,Soy Sauce 200ml,37,13014.38
85a2ab72,3402,DATA_FORMAT_ERROR,VALIDATION,Missing region; Missing order date,2026-02-02 00:42:40.608276,ORD003403,,,Mango Juice 1L,47,21125.09
85a2ab72,3404,DATA_FORMAT_ERROR,VALIDATION,Invalid date format,2026-02-02 00:42:40.608323,ORD003405,invalid_date,East,Cheese Spread 100g,47,16665.73
85a2ab72,3409,DATA_FORMAT_ERROR,VALIDATION,Missing order date,2026-02-02 00:42:40.608367,ORD003410,,North,Cola 500ml,38,2164.1
85a2ab72,3417,BUSINESS_RULE_VIOLATION,VALIDATION,Negative revenue: -16533.18,2026-02-02 00:42:40.608412,ORD003418,2025-02-23 23:59:45.645053,East,Soy Sauce 200ml,34,-16533.18
85a2ab72,3419,BUSINESS_RULE_VIOLATION,VALIDATION,Negative revenue: -2668.3,2026-02-02 00:42:40.608461,ORD003420,2025-04-12 23:59:45.645053,West,Namkeen Mix 100g,10,-2668.3
85a2ab72,3422,DATA_FORMAT_ERROR,VALIDATION,Missing order date,2026-02-02 00:42:40.608507,ORD003423,,West,Chicken Biryani Ready Meal,12,4519.799999999999
85a2ab72,3431,DATA_QUALITY_ISSUE,VALIDATION,Missing region,2026-02-02 00:42:40.608558,ORD003078,2025-12-06 23:59:45.645053,,Chicken Biryani Ready Meal,32,10828.8
85a2ab72,3437,BUSINESS_RULE_VIOLATION,VALIDATION,Negative revenue: -202.96; Invalid quantity: -1,2026-02-02 00:42:40.608609,ORD003438,2025-06-30 23:59:45.645053,East,Paneer Curry Ready Meal,-1,-202.96
85a2ab72,3442,DATA_FORMAT_ERROR,VALIDATION,Invalid date format,2026-02-02 00:42:40.608658,ORD003443,invalid_date,South,Cheese Spread 100g,19,5194.22
85a2ab72,3451,DATA_FORMAT_ERROR,VALIDATION,Missing order date,2026-02-02 00:42:40.608705,ORD003452,,South,Yogurt 500g,19,9380.68
85a2ab72,3461,DATA_FORMAT_ERROR,VALIDATION,Invalid date format,2026-02-02 00:42:40.608762,ORD003462,invalid_date,East,Paneer Curry Ready Meal,34,9496.2
85a2ab72,3474,BUSINESS_RULE_VIOLATION,VALIDATION,Negative revenue: -15605.28,2026-02-02 00:42:40.608811,ORD003475,2025-10-25 23:59:45.645053,Central,Chili Sauce 250g,36,-15605.28
85a2ab72,3480,BUSINESS_RULE_VIOLATION,VALIDATION,Missing order date; Negative revenue: -6690.0,2026-02-02 00:42:40.608856,ORD003481,,South,Milk 1L,24,-6690.0
85a2ab72,3489,DATA_FORMAT_ERROR,VALIDATION,Invalid date format,2026-02-02 00:42:40.608903,ORD003490,invalid_date,North,Cola 500ml,20,5004.0
85a2ab72,3512,DATA_FORMAT_ERROR,VALIDATION,Missing order date,2026-02-02 00:42:40.608948,ORD003513,,Central,Cola 500ml,8,3625.04
85a2ab72,3516,DATA_QUALITY_ISSUE,VALIDATION,Missing region,2026-02-02 00:42:40.608994,ORD003517,2025-08-24 23:59:45.645053,,Chicken Biryani Ready Meal,28,4443.32
85a2ab72,3521,DATA_FORMAT_ERROR,VALIDATION,Invalid date format,2026-02-02 00:42:40.609050,ORD003522,invalid_date,North,Chicken Biryani Ready Meal,25,1802.25
85a2ab72,3524,DATA_QUALITY_ISSUE,VALIDATION,Missing region,2026-02-02 00:42:40.609114,ORD003525,2025-12-18 23:59:45.645053,,Cheese Spread 100g,1,192.76
85a2ab72,3561,DATA_FORMAT_ERROR,VALIDATION,Missing order date,2026-02-02 00:42:40.609175,ORD003562,,Central,Yogurt 500g,34,10451.6
85a2ab72,3577,BUSINESS_RULE_VIOLATION,VALIDATION,Negative revenue: -297.54,2026-02-02 00:42:40.609237,ORD003578,2025-08-05 23:59:45.645053,Central,Cheese Spread 100g,3,-297.54
85a2ab72,3578,BUSINESS_RULE_VIOLATION,VALIDATION,Negative revenue: -1824.3; Invalid quantity: -6,2026-02-02 00:42:40.609303,ORD003579,2025-04-01 23:59:45.645053,North,Tomato Ketchup 500g,-6,-1824.3
85a2ab72,3588,DATA_FORMAT_ERROR,VALIDATION,Missing order date,2026-02-02 00:42:40.609364,ORD003589,,East,Biscuits 200g,29,13984.09
85a2ab72,3592,DATA_FORMAT_ERROR,VALIDATION,Missing order date,2026-02-02 00:42:40.609425,ORD003593,,Central,Mango Juice 1L,15,3436.05
85a2ab72,3593,DATA_FORMAT_ERROR,VALIDATION,Missing order date,2026-02-02 00:42:40.609485,ORD003594,,Central,Cheese Spread 100g,24,4240.32
85a2ab72,3626,BUSINESS_RULE_VIOLATION,VALIDATION,Negative revenue: -2415.28; Invalid quantity: -8,2026-02-02 00:42:40.609549,ORD003627,2025-05-11 23:59:45.645053,North,Biscuits 200g,-8,-2415.28
85a2ab72,3633,DATA_FORMAT_ERROR,VALIDATION,Missing order date,2026-02-02 00:42:40.609610,ORD003634,,South,Namkeen Mix 100g,44,18640.16
85a2ab72,3634,BUSINESS_RULE_VIOLATION,VALIDATION,Negative revenue: -2417.0; Invalid quantity: -10,2026-02-02 00:42:40.609675,ORD003635,2025-07-25 23:59:45.645053,East,Mango Juice 1L,-10,-2417.0
85a2ab72,3640,DATA_FORMAT_ERROR,VALIDATION,Missing order date,2026-02-02 00:42:40.609736,ORD003641,,East,Cheese Spread 100g,11,3378.32
85a2ab72,3647,DATA_FORMAT_ERROR,VALIDATION,Invalid date format,2026-02-02 00:42:40.609798,ORD003648,invalid_date,South,Paneer 200g,40,18278.0
85a2ab72,3655,DATA_FORMAT_ERROR,VALIDATION,Invalid date format,2026-02-02 00:42:40.609862,ORD003656,invalid_date,West,Mango Juice 1L,27,2486.16
85a2ab72,3667,DATA_FORMAT_ERROR,VALIDATION,Invalid date format,2026-02-02 00:42:40.609927,ORD003668,invalid_date,South,Biscuits 200g,18,6850.8
85a2ab72,3675,BUSINESS_RULE_VIOLATION,VALIDATION,Negative revenue: -4384.4400000000005; Invalid quantity: -9,2026-02-02 00:42:40.609993,ORD003676,2025-02-23 23:59:45.645053,South,Yogurt 500g,-9,-4384.4400000000005
85a2ab72,3679,DATA_FORMAT_ERROR,VALIDATION,Invalid date format,2026-02-02 00:42:40.610057,ORD003680,invalid_date,East,Water Bottle 1L,9,2118.42
85a2ab72,3683,DATA_FORMAT_ERROR,VALIDATION,Missing order date,2026-02-02 00:42:40.610120,ORD003684,,South,Mango Juice 1L,37,7949.08
85a2ab72,3698,DATA_FORMAT_ERROR,VALIDATION,Invalid date format,2026-02-02 00:42:40.610183,ORD003699,invalid_date,East,Cheese Spread 100g,31,6411.42
85a2ab72,3703,BUSINESS_RULE_VIOLATION,VALIDATION,Missing order date; Negative revenue: -1291.71; Invalid quantity: -3,2026-02-02 00:42:40.610246,ORD003704,,South,Biscuits 200g,-3,-1291.71
85a2ab72,3713,DATA_QUALITY_ISSUE,VALIDATION,Missing region,2026-02-02 00:42:40.610310,ORD003714,2025-07-15 23:59:45.645053,,Paneer 200g,3,941.49
85a2ab72,3729,DATA_FORMAT_ERROR,VALIDATION,Invalid date format,2026-02-02 00:42:40.610374,ORD003730,invalid_date,Central,Chili Sauce 250g,42,18995.76
85a2ab72,3733,DATA_QUALITY_ISSUE,VALIDATION,Missing region,2026-02-02 00:42:40.610439,ORD003734,2025-06-26 23:59:45.645053,,Namkeen Mix 100g,28,11805.08
85a2ab72,3738,DATA_FORMAT_ERROR,VALIDATION,Missing order date,2026-02-02 00:42:40.610500,ORD003739,,East,Dal Tadka Ready Meal,20,5879.2
85a2ab72,3746,BUSINESS_RULE_VIOLATION,VALIDATION,Negative revenue: -117.18; Invalid quantity: -9,2026-02-02 00:42:40.610565,ORD003747,2025-03-05 23:59:45.645053,Central,Chicken Biryani Ready Meal,-9,-117.18
85a2ab72,3780,DATA_FORMAT_ERROR,VALIDATION,Invalid date format,2026-02-02 00:42:40.610630,ORD003781,invalid_date,Central,Chicken Biryani Ready Meal,10,3990.4
85a2ab72,3796,DATA_FORMAT_ERROR,VALIDATION,Missing order date,2026-02-02 00:42:40.610692,ORD003797,,East,Chicken Biryani Ready Meal,7,2993.55
85a2ab72,3806,DATA_FORMAT_ERROR,VALIDATION,Invalid date format,2026-02-02 00:42:40.610755,ORD003807,invalid_date,West,Biscuits 200g,46,21204.620000000003
85a2ab72,3816,DATA_FORMAT_ERROR,VALIDATION,Missing region; Invalid date format,2026-02-02 00:42:40.610827,ORD003817,invalid_date,,Potato Chips 50g,21,336.21000000000004
85a2ab72,3817,DATA_FORMAT_ERROR,VALIDATION,Missing order date,2026-02-02 00:42:40.610889,ORD003818,,East,Paneer 200g,31,6068.25
85a2ab72,3820,DATA_FORMAT_ERROR,VALIDATION,Invalid date format,2026-02-02 00:42:40.610953,ORD003821,invalid_date,West,Chili Sauce 250g,3,1044.72
85a2ab72,3823,DATA_FORMAT_ERROR,VALIDATION,Missing order date,2026-02-02 00:42:40.611014,ORD003824,,North,Tomato Ketchup 500g,47,11120.2
85a2ab72,3835,DATA_FORMAT_ERROR,VALIDATION,Missing order date,2026-02-02 00:42:40.611074,ORD003836,,North,Cola 500ml,38,11683.1
85a2ab72,3852,DATA_FORMAT_ERROR,VALIDATION,Invalid date format,2026-02-02 00:42:40.611137,ORD003853,invalid_date,North,Namkeen Mix 100g,10,1711.2
85a2ab72,3860,DATA_FORMAT_ERROR,VALIDATION,Missing order date,2026-02-02 00:42:40.611199,ORD003861,,Central,Tomato Ketchup 500g,15,7336.95
85a2ab72,3870,BUSINESS_RULE_VIOLATION,VALIDATION,Negative revenue: -912.45,2026-02-02 00:42:40.611261,ORD003871,2025-03-08 23:59:45.645053,East,Tomato Ketchup 500g,3,-912.45
85a2ab72,3909,DATA_QUALITY_ISSUE,VALIDATION,Missing region,2026-02-02 00:42:40.611325,ORD003910,2025-12-18 23:59:45.645053,,Paneer 200g,20,5693.6
85a2ab72,3918,DATA_FORMAT_ERROR,VALIDATION,Missing order date,2026-02-02 00:42:40.611387,ORD003919,,West,Chicken Biryani Ready Meal,21,5979.96
85a2ab72,3923,DATA_FORMAT_ERROR,VALIDATION,Invalid date format,2026-02-02 00:42:40.611450,ORD003924,invalid_date,Central,Paneer Curry Ready Meal,28,11382.0
85a2ab72,3932,DATA_QUALITY_ISSUE,VALIDATION,Missing region,2026-02-02 00:42:40.611514,ORD003933,2025-10-16 23:59:45.645053,,Water Bottle 1L,42,7832.58
85a2ab72,3938,DATA_FORMAT_ERROR,VALIDATION,Missing order date,2026-02-02 00:42:40.611578,ORD002536,,South,Namkeen Mix 100g,46,3225.06
85a2ab72,3941,BUSINESS_RULE_VIOLATION,VALIDATION,Negative revenue: -2625.28; Invalid quantity: -8,2026-02-02 00:42:40.611645,ORD003942,2025-02-25 23:59:45.645053,North,Tomato Ketchup 500g,-8,-2625.28
85a2ab72,3948,DATA_FORMAT_ERROR,VALIDATION,Missing order date,2026-02-02 00:42:40.611706,ORD003949,,North,Chili Sauce 250g,27,12721.320000000002
85a2ab72,3950,DATA_FORMAT_ERROR,VALIDATION,Missing order date,2026-02-02 00:42:40.611766,ORD003951,,West,Biscuits 200g,8,3301.6
85a2ab72,3954,DATA_FORMAT_ERROR,VALIDATION,Missing order date,2026-02-02 00:42:40.611826,ORD003955,,North,Biscuits 200g,8,1796.32
85a2ab72,3962,DATA_FORMAT_ERROR,VALIDATION,Invalid date format,2026-02-02 00:42:40.611890,ORD003963,invalid_date,West,Mango Juice 1L,3,422.61
85a2ab72,3973,DATA_FORMAT_ERROR,VALIDATION,Invalid date format,2026-02-02 00:42:40.611954,ORD003974,invalid_date,South,Namkeen Mix 100g,13,4818.32
85a2ab72,3978,DATA_FORMAT_ERROR,VALIDATION,Missing order date,2026-02-02 00:42:40.612015,ORD003979,,Central,Yogurt 500g,21,9806.16
85a2ab72,3979,DATA_QUALITY_ISSUE,VALIDATION,Missing region,2026-02-02 00:42:40.612079,ORD003980,2025-10-06 23:59:45.645053,,Tomato Ketchup 500g,3,51.150000000000006
85a2ab72,3981,DATA_FORMAT_ERROR,VALIDATION,Missing order date,2026-02-02 00:42:40.612140,ORD003982,,Central,Namkeen Mix 100g,20,8470.599999999999
85a2ab72,4019,DATA_FORMAT_ERROR,VALIDATION,Missing order date,2026-02-02 00:42:40.612199,ORD004020,,West,Paneer 200g,6,511.32
85a2ab72,4021,BUSINESS_RULE_VIOLATION,VALIDATION,Negative revenue: -1449.7,2026-02-02 00:42:40.612262,ORD004022,2025-05-10 23:59:45.645053,East,Mango Juice 1L,14,-1449.7
85a2ab72,4023,DATA_FORMAT_ERROR,VALIDATION,Invalid date format,2026-02-02 00:42:40.612326,ORD003300,invalid_date,Central,Paneer Curry Ready Meal,48,6236.16
85a2ab72,4047,BUSINESS_RULE_VIOLATION,VALIDATION,Missing region; Negative revenue: -617.72; Invalid quantity: -2,2026-02-02 00:42:40.612388,ORD004048,2025-09-21 23:59:45.645053,,Biscuits 200g,-2,-617.72
85a2ab72,4055,DATA_FORMAT_ERROR,VALIDATION,Missing order date,2026-02-02 00:42:40.612448,ORD004056,,West,Soy Sauce 200ml,43,1041.89
85a2ab72,4066,DATA_QUALITY_ISSUE,VALIDATION,Missing region,2026-02-02 00:42:40.612513,ORD004067,2025-07-19 23:59:45.645053,,Soy Sauce 200ml,48,8700.0
85a2ab72,4070,BUSINESS_RULE_VIOLATION,VALIDATION,Negative revenue: -3709.3; Invalid quantity: -10,2026-02-02 00:42:40.612579,ORD004071,2025-12-25 23:59:45.645053,Central,Namkeen Mix 100g,-10,-3709.3
85a2ab72,4071,DATA_QUALITY_ISSUE,VALIDATION,Missing region,2026-02-02 00:42:40.612668,ORD004072,2025-04-13 23:59:45.645053,,Cola 500ml,37,11036.36
85a2ab72,4073,DATA_FORMAT_ERROR,VALIDATION,Missing order date,2026-02-02 00:42:40.612811,ORD004074,,West,Cheese Spread 100g,24,6083.52
85a2ab72,4082,DATA_QUALITY_ISSUE,VALIDATION,Missing region,2026-02-02 00:42:40.612932,ORD004083,2025-08-29 23:59:45.645053,,Potato Chips 50g,46,7408.3
85a2ab72,4092,DATA_QUALITY_ISSUE,VALIDATION,Missing region,2026-02-02 00:42:40.613012,ORD004093,2025-02-24 23:59:45.645053,,Tomato Ketchup 500g,2,378.78
85a2ab72,4095,DATA_FORMAT_ERROR,VALIDATION,Missing order date,2026-02-02 00:42:40.613077,ORD004096,,South,Biscuits 200g,27,5568.4800000000005
85a2ab72,4096,DATA_FORMAT_ERROR,VALIDATION,Missing order date,2026-02-02 00:42:40.613181,ORD004097,,East,Chicken Biryani Ready Meal,5,158.35000000000002
85a2ab72,4102,DATA_FORMAT_ERROR,VALIDATION,Missing order date,2026-02-02 00:42:40.613250,ORD004103,,North,Chili Sauce 250g,5,1617.65
85a2ab72,4123,DATA_FORMAT_ERROR,VALIDATION,Invalid date format,2026-02-02 00:42:40.613315,ORD004124,invalid_date,East,Dal Tadka Ready Meal,46,12253.02
85a2ab72,4153,DATA_FORMAT_ERROR,VALIDATION,Missing order date,2026-02-02 00:42:40.613377,ORD004154,,North,Soy Sauce 200ml,11,4801.17
85a2ab72,4161,DATA_FORMAT_ERROR,VALIDATION,Missing order date,2026-02-02 00:42:40.613437,ORD004162,,North,Cola 500ml,21,1078.56
85a2ab72,4166,DATA_FORMAT_ERROR,VALIDATION,Missing order date,2026-02-02 00:42:40.613498,ORD004167,,East,Dal Tadka Ready Meal,48,23215.2
85a2ab72,4168,DATA_FORMAT_ERROR,VALIDATION,Invalid date format,2026-02-02 00:42:40.613561,ORD004169,invalid_date,South,Mango Juice 1L,31,11500.69
85a2ab72,4179,DATA_FORMAT_ERROR,VALIDATION,Missing order date,2026-02-02 00:42:40.613622,ORD004180,,North,Chili Sauce 250g,19,6319.209999999999
85a2ab72,4183,DATA_FORMAT_ERROR,VALIDATION,Missing order date,2026-02-02 00:42:40.613681,ORD004184,,South,Mango Juice 1L,23,2941.01
85a2ab72,4204,DATA_QUALITY_ISSUE,VALIDATION,Missing region,2026-02-02 00:42:40.613745,ORD004205,2025-11-05 23:59:45.645053,,Chicken Biryani Ready Meal,5,2053.9
85a2ab72,4206,DATA_FORMAT_ERROR,VALIDATION,Missing order date,2026-02-02 00:42:40.613807,ORD004207,,South,Chicken Biryani Ready Meal,39,14048.580000000002
85a2ab72,4210,DATA_FORMAT_ERROR,VALIDATION,Invalid date format,2026-02-02 00:42:40.613873,ORD004211,invalid_date,Central,Cola 500ml,10,2019.2
85a2ab72,4212,DATA_FORMAT_ERROR,VALIDATION,Missing order date,2026-02-02 00:42:40.613930,ORD004213,,West,Dal Tadka Ready Meal,26,5621.2
85a2ab72,4230,DATA_FORMAT_ERROR,VALIDATION,Invalid date format,2026-02-02 00:42:40.614044,ORD004231,invalid_date,Central,Chili Sauce 250g,34,4954.14
85a2ab72,4234,BUSINESS_RULE_VIOLATION,VALIDATION,Negative revenue: -17950.14,2026-02-02 00:42:40.614184,ORD004235,2026-01-07 23:59:45.645053,South,Milk 1L,39,-17950.14
85a2ab72,4236,DATA_FORMAT_ERROR,VALIDATION,Invalid date format,2026-02-02 00:42:40.614258,ORD004237,invalid_date,South,Mango Juice 1L,26,562.12
85a2ab72,4243,BUSINESS_RULE_VIOLATION,VALIDATION,Missing order date; Negative revenue: -9782.4,2026-02-02 00:42:40.614312,ORD004244,,East,Paneer Curry Ready Meal,30,-9782.4
85a2ab72,4245,DATA_FORMAT_ERROR,VALIDATION,Missing order date,2026-02-02 00:42:40.614360,ORD004246,,Central,Soy Sauce 200ml,48,19612.32
85a2ab72,4256,DATA_FORMAT_ERROR,VALIDATION,Missing order date,2026-02-02 00:42:40.614407,ORD004257,,Central,Mango Juice 1L,7,1273.79
85a2ab72,4257,BUSINESS_RULE_VIOLATION,VALIDATION,Negative revenue: -1140.09,2026-02-02 00:42:40.614454,ORD004258,2025-05-12 23:59:45.645053,South,Biscuits 200g,3,-1140.09
85a2ab72,4284,DATA_FORMAT_ERROR,VALIDATION,Missing order date,2026-02-02 00:42:40.614499,ORD004285,,East,Dal Tadka Ready Meal,39,18757.83
85a2ab72,4290,DATA_QUALITY_ISSUE,VALIDATION,Missing region,2026-02-02 00:42:40.614547,ORD004291,2025-04-29 23:59:45.645053,,Cheese Spread 100g,42,7580.16
85a2ab72,4291,DATA_FORMAT_ERROR,VALIDATION,Missing order date,2026-02-02 00:42:40.614593,ORD004292,,South,Cola 500ml,16,2911.52
85a2ab72,4305,DATA_FORMAT_ERROR,VALIDATION,Invalid date format,2026-02-02 00:42:40.614641,ORD004306,invalid_date,East,Yogurt 500g,50,22384.0
85a2ab72,4323,DATA_FORMAT_ERROR,VALIDATION,Invalid date format,2026-02-02 00:42:40.614688,ORD004324,invalid_date,South,Mango Juice 1L,3,550.83
85a2ab72,4326,DATA_FORMAT_ERROR,VALIDATION,Missing order date,2026-02-02 00:42:40.614733,ORD004327,,North,Potato Chips 50g,1,22.59
85a2ab72,4329,DATA_FORMAT_ERROR,VALIDATION,Missing order date,2026-02-02 00:42:40.614786,ORD004330,,South,Namkeen Mix 100g,37,16262.24
85a2ab72,4346,BUSINESS_RULE_VIOLATION,VALIDATION,Negative revenue: -1242.46,2026-02-02 00:42:40.614834,ORD004347,2025-06-13 23:59:45.645053,Central,Water Bottle 1L,23,-1242.46
85a2ab72,4360,DATA_QUALITY_ISSUE,VALIDATION,Missing region,2026-02-02 00:42:40.614882,ORD004361,2025-12-02 23:59:45.645053,,Namkeen Mix 100g,36,7829.64
85a2ab72,4366,DATA_QUALITY_ISSUE,VALIDATION,Missing region,2026-02-02 00:42:40.614929,ORD004367,2025-12-02 23:59:45.645053,,Cola 500ml,14,6848.66
85a2ab72,4391,BUSINESS_RULE_VIOLATION,VALIDATION,Negative revenue: -4614.14,2026-02-02 00:42:40.614975,ORD004392,2025-03-23 23:59:45.645053,East,Cola 500ml,41,-4614.14
85a2ab72,4396,DATA_FORMAT_ERROR,VALIDATION,Invalid date format,2026-02-02 00:42:40.615023,ORD004397,invalid_date,West,Namkeen Mix 100g,49,18731.23
85a2ab72,4404,DATA_FORMAT_ERROR,VALIDATION,Missing order date,2026-02-02 00:42:40.615069,ORD004405,,North,Mango Juice 1L,27,10517.85
85a2ab72,4410,DATA_FORMAT_ERROR,VALIDATION,Missing order date,2026-02-02 00:42:40.615127,ORD004411,,South,Yogurt 500g,23,8285.75
85a2ab72,4419,BUSINESS_RULE_VIOLATION,VALIDATION,Invalid date format; Negative revenue: -296.4; Invalid quantity: -10,2026-02-02 00:42:40.615176,ORD004420,invalid_date,West,Soy Sauce 200ml,-10,-296.4
85a2ab72,4426,DATA_QUALITY_ISSUE,VALIDATION,Missing region,2026-02-02 00:42:40.615224,ORD004427,2026-02-01 23:59:45.645053,,Chili Sauce 250g,37,582.75
85a2ab72,4438,BUSINESS_RULE_VIOLATION,VALIDATION,Negative revenue: -1387.1; Invalid quantity: -10,2026-02-02 00:42:40.615272,ORD004439,2025-07-12 23:59:45.645053,South,Potato Chips 50g,-10,-1387.1
85a2ab72,4446,DATA_FORMAT_ERROR,VALIDATION,Invalid date format,2026-02-02 00:42:40.615319,ORD004447,invalid_date,East,Soy Sauce 200ml,37,9411.69
85a2ab72,4458,BUSINESS_RULE_VIOLATION,VALIDATION,Negative revenue: -8457.48,2026-02-02 00:42:40.615364,ORD004459,2025-11-30 23:59:45.645053,Central,Potato Chips 50g,41,-8457.48
85a2ab72,4463,DATA_FORMAT_ERROR,VALIDATION,Invalid date format,2026-02-02 00:42:40.615410,ORD004464,invalid_date,Central,Mango Juice 1L,6,2838.66
85a2ab72,4489,DATA_FORMAT_ERROR,VALIDATION,Missing order date,2026-02-02 00:42:40.615455,ORD004490,,East,Tomato Ketchup 500g,26,7770.360000000001
85a2ab72,4502,DATA_FORMAT_ERROR,VALIDATION,Missing order date,2026-02-02 00:42:40.615498,ORD004503,,North,Cheese Spread 100g,38,7849.28
85a2ab72,4507,DATA_FORMAT_ERROR,VALIDATION,Invalid date format,2026-02-02 00:42:40.615544,ORD004508,invalid_date,North,Mango Juice 1L,34,16964.64
85a2ab72,4511,BUSINESS_RULE_VIOLATION,VALIDATION,Negative revenue: -261.48; Invalid quantity: -1,2026-02-02 00:42:40.615592,ORD004512,2025-02-09 23:59:45.645053,Central,Yogurt 500g,-1,-261.48
85a2ab72,4513,DATA_FORMAT_ERROR,VALIDATION,Missing order date,2026-02-02 00:42:40.615635,ORD004514,,South,Chili Sauce 250g,9,1262.7
85a2ab72,4515,DATA_FORMAT_ERROR,VALIDATION,Missing order date,2026-02-02 00:42:40.615680,ORD004516,,North,Chicken Biryani Ready Meal,14,6033.3
85a2ab72,4534,BUSINESS_RULE_VIOLATION,VALIDATION,Negative revenue: -1878.2,2026-02-02 00:42:40.615727,ORD004535,2026-01-24 23:59:45.645053,North,Namkeen Mix 100g,20,-1878.2
85a2ab72,4536,DATA_FORMAT_ERROR,VALIDATION,Missing order date,2026-02-02 00:42:40.615772,ORD004537,,East,Biscuits 200g,22,6403.98
85a2ab72,4537,DATA_FORMAT_ERROR,VALIDATION,Missing order date,2026-02-02 00:42:40.615816,ORD004538,,Central,Namkeen Mix 100g,11,5163.07
85a2ab72,4544,DATA_FORMAT_ERROR,VALIDATION,Missing order date,2026-02-02 00:42:40.615861,ORD004545,,West,Cheese Spread 100g,46,18440.94
85a2ab72,4545,DATA_QUALITY_ISSUE,VALIDATION,Missing region,2026-02-02 00:42:40.615911,ORD004546,2025-06-12 23:59:45.645053,,Cheese Spread 100g,8,105.52
85a2ab72,4551,DATA_QUALITY_ISSUE,VALIDATION,Missing region,2026-02-02 00:42:40.615959,ORD004552,2025-08-27 23:59:45.645053,,Paneer 200g,28,680.4
85a2ab72,4552,DATA_FORMAT_ERROR,VALIDATION,Invalid date format,2026-02-02 00:42:40.616008,ORD004553,invalid_date,North,Dal Tadka Ready Meal,15,235.35
85a2ab72,4585,DATA_FORMAT_ERROR,VALIDATION,Missing order date,2026-02-02 00:42:40.616054,ORD004586,,West,Chili Sauce 250g,43,4801.38
85a2ab72,4586,BUSINESS_RULE_VIOLATION,VALIDATION,Negative revenue: -1952.2; Invalid quantity: -5,2026-02-02 00:42:40.616101,ORD004587,2025-11-08 23:59:45.645053,South,Paneer 200g,-5,-1952.2
85a2ab72,4591,BUSINESS_RULE_VIOLATION,VALIDATION,Negative revenue: -642.51; Invalid quantity: -3,2026-02-02 00:42:40.616149,ORD004592,2025-09-01 23:59:45.645053,Central,Water Bottle 1L,-3,-642.51
85a2ab72,4593,DATA_QUALITY_ISSUE,VALIDATION,Missing region,2026-02-02 00:42:40.616196,ORD004594,2025-08-13 23:59:45.645053,,Cheese Spread 100g,44,17122.6
85a2ab72,4634,DATA_FORMAT_ERROR,VALIDATION,Missing order date,2026-02-02 00:42:40.616254,ORD004635,,East,Cola 500ml,4,532.16
85a2ab72,4641,DATA_FORMAT_ERROR,VALIDATION,Missing order date,2026-02-02 00:42:40.616317,ORD004642,,North,Milk 1L,48,11884.32
85a2ab72,4642,DATA_FORMAT_ERROR,VALIDATION,Invalid date format,2026-02-02 00:42:40.616381,ORD004643,invalid_date,East,Water Bottle 1L,19,6188.870000000001
85a2ab72,4645,DATA_FORMAT_ERROR,VALIDATION,Invalid date format,2026-02-02 00:42:40.616446,ORD004646,invalid_date,Central,Cola 500ml,17,6433.14
85a2ab72,4646,DATA_FORMAT_ERROR,VALIDATION,Invalid date format,2026-02-02 00:42:40.616511,ORD004647,invalid_date,East,Dal Tadka Ready Meal,15,2159.25
85a2ab72,4649,DATA_FORMAT_ERROR,VALIDATION,Invalid date format,2026-02-02 00:42:40.616576,ORD004650,invalid_date,North,Potato Chips 50g,31,14549.54
85a2ab72,4655,DATA_FORMAT_ERROR,VALIDATION,Missing order date,2026-02-02 00:42:40.616637,ORD004656,,West,Cola 500ml,35,15103.9
85a2ab72,4657,DATA_FORMAT_ERROR,VALIDATION,Invalid date format,2026-02-02 00:42:40.616700,ORD004658,invalid_date,East,Chicken Biryani Ready Meal,2,477.38
85a2ab72,4660,BUSINESS_RULE_VIOLATION,VALIDATION,Negative revenue: -8893.83,2026-02-02 00:42:40.616764,ORD004661,2025-09-17 23:59:45.645053,West,Water Bottle 1L,33,-8893.83
85a2ab72,4676,DATA_FORMAT_ERROR,VALIDATION,Invalid date format,2026-02-02 00:42:40.616839,ORD004677,invalid_date,Central,Mango Juice 1L,10,3351.1000000000004
85a2ab72,4687,DATA_FORMAT_ERROR,VALIDATION,Missing order date,2026-02-02 00:42:40.616901,ORD004688,,South,Soy Sauce 200ml,1,266.07
85a2ab72,4691,BUSINESS_RULE_VIOLATION,VALIDATION,Negative revenue: -4107.5,2026-02-02 00:42:40.616964,ORD004692,2025-08-15 23:59:45.645053,East,Paneer Curry Ready Meal,31,-4107.5
85a2ab72,4706,BUSINESS_RULE_VIOLATION,VALIDATION,Negative revenue: -3393.63; Invalid quantity: -9,2026-02-02 00:42:40.617030,ORD004707,2025-04-15 23:59:45.645053,Central,Cola 500ml,-9,-3393.63
85a2ab72,4715,DATA_FORMAT_ERROR,VALIDATION,Missing order date,2026-02-02 00:42:40.617091,ORD004716,,South,Paneer Curry Ready Meal,29,11204.44
85a2ab72,4719,BUSINESS_RULE_VIOLATION,VALIDATION,Negative revenue: -1547.8; Invalid quantity: -10,2026-02-02 00:42:40.617157,ORD004720,2025-08-13 23:59:45.645053,South,Namkeen Mix 100g,-10,-1547.8
85a2ab72,4720,DATA_FORMAT_ERROR,VALIDATION,Missing order date,2026-02-02 00:42:40.617218,ORD004721,,East,Dal Tadka Ready Meal,12,5781.0
85a2ab72,4721,DATA_FORMAT_ERROR,VALIDATION,Missing order date,2026-02-02 00:42:40.617278,ORD004722,,East,Tomato Ketchup 500g,24,4695.36
85a2ab72,4726,DATA_QUALITY_ISSUE,VALIDATION,Missing region,2026-02-02 00:42:40.617342,ORD004727,2025-12-15 23:59:45.645053,,Namkeen Mix 100g,15,7229.85
85a2ab72,4748,DATA_FORMAT_ERROR,VALIDATION,Missing order date,2026-02-02 00:42:40.617406,ORD004749,,Central,Cola 500ml,47,20907.01
85a2ab72,4753,DATA_FORMAT_ERROR,VALIDATION,Missing order date,2026-02-02 00:42:40.617466,ORD004754,,Central,Chili Sauce 250g,8,2522.8
85a2ab72,4755,DATA_FORMAT_ERROR,VALIDATION,Missing order date,2026-02-02 00:42:40.617527,ORD004756,,Central,Paneer Curry Ready Meal,45,12708.45
85a2ab72,4796,DATA_FORMAT_ERROR,VALIDATION,Missing order date,2026-02-02 00:42:40.617587,ORD004797,,South,Milk 1L,7,2421.3700000000003
85a2ab72,4801,DATA_FORMAT_ERROR,VALIDATION,Missing order date,2026-02-02 00:42:40.617647,ORD004802,,East,Tomato Ketchup 500g,4,96.24
85a2ab72,4818,DATA_FORMAT_ERROR,VALIDATION,Invalid date format,2026-02-02 00:42:40.617710,ORD004819,invalid_date,East,Paneer 200g,29,3870.63
85a2ab72,4823,DATA_FORMAT_ERROR,VALIDATION,Invalid date format,2026-02-02 00:42:40.617775,ORD004824,invalid_date,North,Tomato Ketchup 500g,43,15357.45
85a2ab72,4835,BUSINESS_RULE_VIOLATION,VALIDATION,Negative revenue: -92.39,2026-02-02 00:42:40.617837,ORD004836,2025-06-07 23:59:45.645053,North,Milk 1L,1,-92.39
85a2ab72,4840,DATA_FORMAT_ERROR,VALIDATION,Missing order date,2026-02-02 00:42:40.617899,ORD004841,,West,Paneer 200g,44,21006.04
85a2ab72,4845,DATA_FORMAT_ERROR,VALIDATION,Missing order date,2026-02-02 00:42:40.617960,ORD004846,,Central,Cola 500ml,7,1068.62
85a2ab72,4853,DATA_FORMAT_ERROR,VALIDATION,Invalid date format,2026-02-02 00:42:40.618025,ORD004854,invalid_date,Central,Cola 500ml,41,2981.11
85a2ab72,4880,DATA_QUALITY_ISSUE,VALIDATION,Missing region,2026-02-02 00:42:40.618089,ORD004881,2025-07-24 23:59:45.645053,,Paneer Curry Ready Meal,37,2139.34
85a2ab72,4895,BUSINESS_RULE_VIOLATION,VALIDATION,Negative revenue: -4048.8,2026-02-02 00:42:40.618153,ORD004896,2025-04-07 23:59:45.645053,Central,Milk 1L,20,-4048.8
85a2ab72,4898,DATA_FORMAT_ERROR,VALIDATION,Missing order date,2026-02-02 00:42:40.618213,ORD004899,,Central,Yogurt 500g,34,9189.52
85a2ab72,4919,DATA_FORMAT_ERROR,VALIDATION,Invalid date format,2026-02-02 00:42:40.618277,ORD004920,invalid_date,East,Paneer 200g,11,2521.31
85a2ab72,4920,BUSINESS_RULE_VIOLATION,VALIDATION,Negative revenue: -4813.2,2026-02-02 00:42:40.618340,ORD004921,2025-04-03 23:59:45.645053,North,Yogurt 500g,10,-4813.2
85a2ab72,4927,DATA_FORMAT_ERROR,VALIDATION,Missing order date,2026-02-02 00:42:40.618399,ORD004928,,North,Namkeen Mix 100g,47,6198.36
85a2ab72,4937,DATA_FORMAT_ERROR,VALIDATION,Missing order date,2026-02-02 00:42:40.618459,ORD004938,,North,Namkeen Mix 100g,19,2760.51
85a2ab72,4948,DATA_FORMAT_ERROR,VALIDATION,Invalid date format,2026-02-02 00:42:40.618522,ORD004949,invalid_date,North,Milk 1L,42,9951.06
85a2ab72,4998,DATA_FORMAT_ERROR,VALIDATION,Missing order date,2026-02-02 00:42:40.618582,ORD004999,,East,Milk 1L,23,10961.57
